movie_name,sns_score,movie_cover_url,movie_video_url
变脸（1996）,9.3,https://pic7.iqiyipic.com/image/20210916/db/99/v_108891926_m_601_m13.webp,https://www.iqiyi.com/v_19rrnv15k0.html
十二怒汉（1957）,9.3,https://pic0.iqiyipic.com/image/20231110/d3/db/v_112851744_m_601_m8.webp,https://www.iqiyi.com/v_19rr7rgwgs.html
白月梵星,,http://pic0.iqiyipic.com/image/20250107/6d/b4/v_179529347_m_601.webp,http://www.iqiyi.com/v_64efe1e6d!.html
夜未央,,http://pic4.iqiyipic.com/image/20241127/bc/c9/v_179035419_m_601_m1.webp,http://www.iqiyi.com/v_b24d120ba!.html
小鞋子,9.3,https://pic4.iqiyipic.com/image/20231110/8e/fc/v_50321983_m_601_m10.webp,https://www.iqiyi.com/v_19rrjraeeo.html
七武士,9.3,https://pic0.iqiyipic.com/image/20230629/11/59/v_50006352_m_601_m15.webp,https://www.iqiyi.com/v_19rrj5yx0s.html
钢琴家,9.3,https://pic7.iqiyipic.com/image/20231109/9f/09/v_62645056_m_601_m14.webp,https://www.iqiyi.com/v_19rrho71bg.html
哈尔的移动城堡 ,9.3,https://pic1.iqiyipic.com/image/20240915/55/90/v_177130786_m_601_m5.webp,https://www.iqiyi.com/v_1vjgd7crrcc.html
罗马假日,9.3,https://pic8.iqiyipic.com/image/20231109/77/89/v_50112529_m_601_m12.webp,https://www.iqiyi.com/v_19rrk3rbyg.html
指环王2：双塔奇兵,9.3,https://pic5.iqiyipic.com/image/20231113/58/88/v_111468993_m_601_m12.webp,https://www.iqiyi.com/v_19rra68cjk.html
小鞋子（普通话）,9.3,https://pic5.iqiyipic.com/image/20231109/32/f7/v_62820475_m_601_m8.webp,https://www.iqiyi.com/v_19rrmycin4.html
海豚湾 电影,9.3,https://pic4.iqiyipic.com/image/20230629/31/e0/v_50272214_m_601_m10.webp,https://www.iqiyi.com/v_19rrk4jq7o.html
城市之光,9.3,https://pic3.iqiyipic.com/image/20230630/ee/54/v_50005637_m_601_m10.webp,https://www.iqiyi.com/v_19rrj5uk9k.html
疯狂动物城（普通话）,9.3,https://pic7.iqiyipic.com/image/20231109/2b/f1/v_110385488_m_601_m18.webp,https://www.iqiyi.com/v_19rrluwf4o.html
花为媒（评剧）,9.3,https://pic2.iqiyipic.com/image/20231110/14/34/v_108938198_m_601_m9.webp,https://www.iqiyi.com/v_19rro2ilvo.html
哈利·波特1：哈利·波特与魔法石（普通话）,9.3,https://pic0.iqiyipic.com/image/20231109/bd/41/v_145807439_m_601_m15.webp,https://www.iqiyi.com/v_19rx5hdt6o.html
淘金记,9.3,https://pic0.iqiyipic.com/image/20230629/c1/1d/v_62646326_m_601_m10.webp,https://www.iqiyi.com/v_19rrho5w8k.html
猫鼠游戏（普通话）,9.3,https://pic9.iqiyipic.com/image/20230629/1a/be/v_148252859_m_601_m9.webp,https://www.iqiyi.com/v_19rybx9avo.html
飞屋环游记（普通话）,9.3,https://pic2.iqiyipic.com/image/20231109/34/ec/v_110444533_m_601_m12.webp,https://www.iqiyi.com/v_19rrlhvcdw.html
乱世佳人（普通话）,9.3,https://pic0.iqiyipic.com/image/20231109/95/7d/v_143346264_m_601_m10.webp,https://www.iqiyi.com/v_19rwee9x1s.html
盗梦空间（普通话）,9.3,https://pic7.iqiyipic.com/image/20230629/04/7c/v_128385889_m_601_m10.webp,https://www.iqiyi.com/v_19rsfche74.html
风中的火焰,,http://pic1.iqiyipic.com/image/20241226/19/29/v_179275018_m_601.webp,http://www.iqiyi.com/v_56a9bc824!.html
冬至,8.3,http://pic8.iqiyipic.com/image/20241220/37/d9/v_179209610_m_601.webp,http://www.iqiyi.com/v_a4b2a26c7!.html
摔跤吧！爸爸（普通话）,9.3,https://pic0.iqiyipic.com/image/20230629/41/93/v_112687710_m_601_m8.webp,https://www.iqiyi.com/v_19rr80k1as.html
冬至,8.3,http://pic7.iqiyipic.com/image/20241220/a5/5a/v_179213139_m_601.webp,http://www.iqiyi.com/v_469474287!.html
天空之城（日语）,9.3,https://pic2.iqiyipic.com/image/20231109/e2/2b/v_173522247_m_601_m5.webp,https://www.iqiyi.com/v_1hl962cieqg.html
一伞烟雨,,http://pic0.iqiyipic.com/image/20241216/4c/8b/v_179176864_m_601_m1.webp,http://www.iqiyi.com/v_70f4cc484!.html
一伞烟雨,,http://pic4.iqiyipic.com/image/20241216/e7/03/v_179176859_m_601_m1.webp,http://www.iqiyi.com/v_74810cb17!.html
拯救大兵瑞恩（普通话）,9.3,https://pic7.iqiyipic.com/image/20230629/f1/0f/v_123690104_m_601_m9.webp,https://www.iqiyi.com/v_19rqpwzldw.html
白月梵星,,http://pic3.iqiyipic.com/image/20250107/90/a6/v_179529366_m_601.webp,http://www.iqiyi.com/v_11734ab6f!.html
寻梦环游记（普通话）,9.3,https://pic5.iqiyipic.com/image/20231110/95/e6/v_114763431_m_601_m8.webp,https://www.iqiyi.com/v_19rrfqa6n8.html
当幸福来敲门（普通话）,9.3,https://pic9.iqiyipic.com/image/20240723/7b/a4/v_112857334_m_601_m10.webp,https://www.iqiyi.com/v_19rr7qmp5w.html
我是刑警,9.2,http://pic6.iqiyipic.com/image/20241129/5a/a5/v_179046912_m_601_m1.webp,http://www.iqiyi.com/v_c6fb023e0!.html
死亡诗社（普通话）,9.3,https://pic0.iqiyipic.com/image/20230630/cb/eb/v_152532687_m_601_m5.webp,https://www.iqiyi.com/v_1j4wm7v8j18.html
怦然心动（普通话）,9.3,https://pic4.iqiyipic.com/image/20230629/76/75/v_147611560_m_601_m8.webp,https://www.iqiyi.com/v_19ryk8nb98.html
完美的世界,9.2,https://pic5.iqiyipic.com/image/20231110/a7/1f/v_50524576_m_601_m10.webp,https://www.iqiyi.com/v_19rrg3oa5o.html
大话西游之月光宝盒,9.2,https://pic4.iqiyipic.com/image/20241227/7b/58/v_50185338_m_601_m16.webp,https://www.iqiyi.com/v_19rrjzdves.html
勇敢的心,9.2,https://pic1.iqiyipic.com/image/20231109/83/9b/v_50145254_m_601_m15.webp,https://www.iqiyi.com/v_19rrk1ymus.html
隐藏人物,9.2,https://pic6.iqiyipic.com/image/20241226/c6/99/v_112223664_m_601_m12.webp,https://www.iqiyi.com/v_19rrazxld8.html
绿皮书,9.2,https://pic9.iqiyipic.com/image/20241214/f5/b0/v_119733424_m_601_m19.webp,https://www.iqiyi.com/v_19rr5eoxww.html
血战湘江,9.2,https://pic9.iqiyipic.com/image/20240301/a2/b3/v_112883317_m_601_m13.webp,https://www.iqiyi.com/v_19rr7plefg.html
蝙蝠侠：黑暗骑士,9.2,https://pic8.iqiyipic.com/image/20231113/75/71/v_111442686_m_601_m16.webp,https://www.iqiyi.com/v_19rra6zong.html
窃听风暴,9.2,https://pic9.iqiyipic.com/image/20231110/d8/0a/v_108724831_m_601_m9.webp,https://www.iqiyi.com/v_19rrnaubew.html
超脱,9.2,https://pic8.iqiyipic.com/image/20231109/74/bd/v_50377942_m_601_m14.webp,https://www.iqiyi.com/v_19rrjy9aic.html
入殓师,9.2,https://pic3.iqiyipic.com/image/20231109/1f/19/v_112846147_m_601_m18.webp,https://www.iqiyi.com/v_19rr7r4vo0.html
少年派的奇幻漂流,9.2,https://pic0.iqiyipic.com/image/20231110/d6/21/v_50429872_m_601_m20.webp,https://www.iqiyi.com/v_19rrjv4kz0.html
两杆大烟枪,9.2,https://pic2.iqiyipic.com/image/20231109/82/f4/v_50116345_m_601_m11.webp,https://www.iqiyi.com/v_19rrk3zxd4.html
南海十三郎,9.2,https://pic7.iqiyipic.com/image/20231109/3a/8c/v_112850779_m_601_m7.webp,https://www.iqiyi.com/v_19rr7rhnds.html
蜡笔小新：决一胜负！逆袭的机器人爸爸,9.2,https://pic3.iqiyipic.com/image/20240710/ed/e3/v_173166343_m_601_m4.webp,https://www.iqiyi.com/v_223c45v175c.html
帮助,9.2,https://pic9.iqiyipic.com/image/20231110/40/c2/v_50150470_m_601_m10.webp,https://www.iqiyi.com/v_19rrk10wc4.html
本杰明·巴顿奇事,9.2,https://pic6.iqiyipic.com/image/20231109/88/5b/v_111455532_m_601_m11.webp,https://www.iqiyi.com/v_19rra6pojw.html
穿条纹睡衣的男孩 ,9.2,https://pic1.iqiyipic.com/image/20231110/6e/4b/v_50329450_m_601_m11.webp,https://www.iqiyi.com/v_19rrjqdjlw.html
狮子王（1994）,9.2,https://pic5.iqiyipic.com/image/20231110/0f/15/v_119173824_m_601_m13.webp,https://www.iqiyi.com/v_19rr57r5jk.html
绿里奇迹,9.2,https://pic9.iqiyipic.com/image/20231109/5a/88/v_106642502_m_601_m13.webp,https://www.iqiyi.com/v_19rrhwqjjc.html
决战之后（上集）,9.2,https://pic0.iqiyipic.com/image/20240903/0a/0b/v_109678172_m_601_m12.webp,https://www.iqiyi.com/v_19rrkqeekg.html
心灵捕手,9.2,https://pic2.iqiyipic.com/image/20231110/40/39/v_50319946_m_601_m30.webp,https://www.iqiyi.com/v_19rrjr24g4.html
控方证人,9.2,https://pic6.iqiyipic.com/image/20231110/84/dc/v_153946711_m_601_m5.webp,https://www.iqiyi.com/v_uglazaydk0.html
指环王：护戒使者,9.2,https://pic6.iqiyipic.com/image/20231113/42/7d/v_111469001_m_601_m19.webp,https://www.iqiyi.com/v_19rra68glc.html
脸庞，村庄,9.2,https://pic0.iqiyipic.com/image/20210915/f3/fc/v_115733432_m_601_m6.webp,https://www.iqiyi.com/v_19rrcsdlsg.html
切腹,9.2,https://pic8.iqiyipic.com/image/20230629/bb/11/v_112854822_m_601_m7.webp,https://www.iqiyi.com/v_19rr7qgx7c.html
大独裁者,9.2,https://pic5.iqiyipic.com/image/20231110/09/9f/v_50000342_m_601_m11.webp,https://www.iqiyi.com/v_19rrj6sk8k.html
建党伟业,9.2,https://pic6.iqiyipic.com/image/20240301/95/63/v_50111603_m_601_m13.webp,https://www.iqiyi.com/v_19rrk3nlz4.html
哪吒闹海,9.2,https://pic7.iqiyipic.com/image/20231109/25/ef/v_142178302_m_601_m10.webp,https://www.iqiyi.com/v_19rv1e457o.html
红楼梦（1962）,9.2,https://pic3.iqiyipic.com/image/20231110/d9/71/v_108794182_m_601_m15.webp,https://www.iqiyi.com/v_19rrn74nls.html
东京物语,9.2,https://pic2.iqiyipic.com/image/20231109/89/7b/v_103705098_m_601_m13.webp,https://www.iqiyi.com/v_19rrh7o184.html
雨中曲,9.2,https://pic5.iqiyipic.com/image/20230629/af/3c/v_62645104_m_601_m6.webp,https://www.iqiyi.com/v_19rrho744s.html
大话西游之月光宝盒（粤语）,9.2,https://pic8.iqiyipic.com/image/20241227/e4/f8/v_62955895_m_601_m11.webp,https://www.iqiyi.com/v_19rrmq8v0w.html
五女拜寿,9.2,https://pic3.iqiyipic.com/image/20231109/c0/b1/v_112851639_m_601_m5.webp,https://www.iqiyi.com/v_19rr7rfwfw.html
肖申克的救赎,9.6,https://pic4.iqiyipic.com/image/20231109/4f/9f/v_111393030_m_601_m12.webp,https://www.iqiyi.com/v_19rra0h3wg.html
冬至,8.3,http://pic8.iqiyipic.com/image/20241220/37/d9/v_179209610_m_601.webp,http://www.iqiyi.com/v_a4b2a26c7!.html
阿甘正传,9.6,https://pic7.iqiyipic.com/image/20231109/5f/3c/v_50113796_m_601_m15.webp,https://www.iqiyi.com/v_19rrk3u264.html
一伞烟雨,,http://pic4.iqiyipic.com/image/20241216/e7/03/v_179176859_m_601_m1.webp,http://www.iqiyi.com/v_74810cb17!.html
肖申克的救赎（普通话）,9.6,https://pic5.iqiyipic.com/image/20231109/c8/2c/v_147676300_m_601_m10.webp,https://www.iqiyi.com/v_19ryh825vc.html
一伞烟雨,,http://pic0.iqiyipic.com/image/20241216/4c/8b/v_179176864_m_601_m1.webp,http://www.iqiyi.com/v_70f4cc484!.html
辛德勒的名单 ,9.5,https://pic6.iqiyipic.com/image/20240903/45/d7/v_106675767_m_601_m21.webp,https://www.iqiyi.com/v_19rrhx0z4o.html
背靠背，脸对脸,9.5,https://pic4.iqiyipic.com/image/20241009/eb/e0/v_50006628_m_601_m23.webp,https://www.iqiyi.com/v_19rrj5wnp8.html
泰坦尼克号,9.5,https://pic4.iqiyipic.com/image/20231109/30/2e/v_108833873_m_601_m18.webp,https://www.iqiyi.com/v_19rrny4w8w.html
美丽人生,9.5,https://pic3.iqiyipic.com/image/20231109/99/03/v_50328473_m_601_m20.webp,https://www.iqiyi.com/v_19rrjqfdbc.html
冬至,8.3,http://pic7.iqiyipic.com/image/20241220/a5/5a/v_179213139_m_601.webp,http://www.iqiyi.com/v_469474287!.html
我是山姆,9.2,https://pic5.iqiyipic.com/image/20230629/f6/ea/v_111464801_m_601_m9.webp,https://www.iqiyi.com/v_19rra63ny4.html
哈利·波特2:密室,9.2,https://pic5.iqiyipic.com/image/20231113/d2/4a/v_50076813_m_601_m16.webp,https://www.iqiyi.com/v_19rrjbeuig.html
马戏团,9.2,https://pic2.iqiyipic.com/image/20210916/2a/d5/v_110597080_m_601_m4.webp,https://www.iqiyi.com/v_19rrliyrfo.html
哈利·波特3:阿兹卡班的囚徒,9.2,https://pic9.iqiyipic.com/image/20231110/af/62/v_50076796_m_601_m14.webp,https://www.iqiyi.com/v_19rrjbevto.html
决战之后（下集）,9.2,https://pic9.iqiyipic.com/image/20240903/c0/7e/v_50006601_m_601_m14.webp,https://www.iqiyi.com/v_19rrj5wz1k.html
姐姐妹妹站起来,9.2,https://pic8.iqiyipic.com/image/20210915/8a/28/v_147842368_m_601_m7.webp,https://www.iqiyi.com/v_19ry5vl7jo.html
姊姊妹妹站起来,9.2,https://pic2.iqiyipic.com/image/20240903/49/d2/v_108787772_m_601_m10.webp,https://www.iqiyi.com/v_19rrn6o2lk.html
教父3,9.2,https://pic9.iqiyipic.com/image/20231110/e2/22/v_50116160_m_601_m17.webp,https://www.iqiyi.com/v_19rrk408h8.html
阿甘正传（普通话）,9.5,https://pic0.iqiyipic.com/image/20230629/17/c8/v_123622270_m_601_m9.webp,https://www.iqiyi.com/v_19rqpqcijk.html
风中的火焰,,http://pic1.iqiyipic.com/image/20241226/19/29/v_179275018_m_601.webp,http://www.iqiyi.com/v_56a9bc824!.html
泰坦尼克号（普通话）,9.5,https://pic4.iqiyipic.com/image/20230628/74/c0/v_153871228_m_601_m4.webp,https://www.iqiyi.com/v_1lu8c0ub5bc.html
美丽人生（普通话）,9.5,https://pic9.iqiyipic.com/image/20231109/be/de/v_171436888_m_601_m5.webp,https://www.iqiyi.com/v_2eqz8eaj84w.html
星际穿越,9.4,https://pic3.iqiyipic.com/image/20240903/6b/83/v_112855161_m_601_m28.webp,https://www.iqiyi.com/v_19rr7qhp7c.html
盗梦空间,9.4,https://pic7.iqiyipic.com/image/20231109/9d/23/v_111465024_m_601_m17.webp,https://www.iqiyi.com/v_19rra64i9c.html
跨过鸭绿江,9.4,https://pic4.iqiyipic.com/image/20231109/8f/69/v_164749174_m_601_m9.webp,https://www.iqiyi.com/v_17fzx1d3b2c.html
冬至,8.3,http://pic7.iqiyipic.com/image/20241220/a5/5a/v_179213139_m_601.webp,http://www.iqiyi.com/v_469474287!.html
无间道,9.4,https://pic7.iqiyipic.com/image/20231110/47/a1/v_50023439_m_601_m18.webp,https://www.iqiyi.com/v_19rrjefg34.html
阿凡达,9.2,https://pic5.iqiyipic.com/image/20231109/c0/2e/v_170843391_m_601_m8.webp,https://www.iqiyi.com/v_20krtha8qxs.html
寻子遇仙记（1921）,9.2,https://pic3.iqiyipic.com/image/20230630/a5/56/v_112847131_m_601_m7.webp,https://www.iqiyi.com/v_19rr7r9t0o.html
风中的火焰,,http://pic1.iqiyipic.com/image/20241226/19/29/v_179275018_m_601.webp,http://www.iqiyi.com/v_56a9bc824!.html
入殓师（普通话）,9.2,https://pic2.iqiyipic.com/image/20231109/4e/34/v_172326037_m_601_m7.webp,https://www.iqiyi.com/v_1w6niovg9fo.html
夜未央,,http://pic4.iqiyipic.com/image/20241127/bc/c9/v_179035419_m_601_m1.webp,http://www.iqiyi.com/v_b24d120ba!.html
哈利·波特2:密室(普通话),9.2,https://pic0.iqiyipic.com/image/20211217/5c/d8/v_145920251_m_601_m7.webp,https://www.iqiyi.com/v_19rxbagl6w.html
教父2（普通话）,9.2,https://pic6.iqiyipic.com/image/20230629/d6/d8/v_147751460_m_601_m8.webp,https://www.iqiyi.com/v_19ryiczkv4.html
教父3（普通话）,9.2,https://pic4.iqiyipic.com/image/20230629/a8/8e/v_147656583_m_601_m8.webp,https://www.iqiyi.com/v_19rykrh7l8.html
白月梵星,,http://pic0.iqiyipic.com/image/20250107/6d/b4/v_179529347_m_601.webp,http://www.iqiyi.com/v_64efe1e6d!.html
哈利·波特7:死亡圣器(下）（普通话）,9.2,https://pic3.iqiyipic.com/image/20231110/b9/57/v_145798251_m_601_m10.webp,https://www.iqiyi.com/v_19rx4rx4r0.html
白月梵星,,http://pic3.iqiyipic.com/image/20250107/90/a6/v_179529366_m_601.webp,http://www.iqiyi.com/v_11734ab6f!.html
哈利波特3阿兹卡班囚徒(普通话),9.2,https://pic8.iqiyipic.com/image/20211217/6f/ec/v_145796241_m_601_m8.webp,https://www.iqiyi.com/v_19rx4tfo4c.html
楚门的世界,9.4,https://pic2.iqiyipic.com/image/20231109/d9/06/v_50113739_m_601_m19.webp,https://www.iqiyi.com/v_19rrk3u9wg.html
教父,9.4,https://pic5.iqiyipic.com/image/20231109/46/da/v_50516885_m_601_m11.webp,https://www.iqiyi.com/v_19rrg3726w.html
夜未央,,http://pic4.iqiyipic.com/image/20241127/bc/c9/v_179035419_m_601_m1.webp,http://www.iqiyi.com/v_b24d120ba!.html
触不可及  ,9.4,https://pic3.iqiyipic.com/image/20231109/42/56/v_62646868_m_601_m5.webp,https://www.iqiyi.com/v_19rrhoa6kc.html
白月梵星,,http://pic3.iqiyipic.com/image/20250107/90/a6/v_179529366_m_601.webp,http://www.iqiyi.com/v_11734ab6f!.html
机器人总动员,9.4,https://pic4.iqiyipic.com/image/20231110/75/f6/v_50342443_m_601_m21.webp,https://www.iqiyi.com/v_19rrjpwu8w.html
海蒂和爷爷,9.4,https://pic1.iqiyipic.com/image/20231109/8a/2e/v_62817402_m_601_m21.webp,https://www.iqiyi.com/v_19rrmy6ais.html
放牛班的春天,9.4,https://pic4.iqiyipic.com/image/20240102/51/48/v_50004961_m_601_m29.webp,https://www.iqiyi.com/v_19rrj5w9vs.html
厉害了，我的国,9.4,https://pic6.iqiyipic.com/image/20230629/4c/f5/v_115014542_m_601_m11.webp,https://www.iqiyi.com/v_19rrbqar6g.html
白月梵星,,http://pic0.iqiyipic.com/image/20250107/6d/b4/v_179529347_m_601.webp,http://www.iqiyi.com/v_64efe1e6d!.html
建国大业,9.4,https://pic8.iqiyipic.com/image/20231109/f0/08/v_50004570_m_601_m13.webp,https://www.iqiyi.com/v_19rrj5vg78.html
何以为家（普通话）,9.2,https://pic3.iqiyipic.com/image/20230630/23/70/v_130716994_m_601_m9.webp,https://www.iqiyi.com/v_19rs9mnfl8.html
我是刑警,9.2,http://pic6.iqiyipic.com/image/20241129/5a/a5/v_179046912_m_601_m1.webp,http://www.iqiyi.com/v_c6fb023e0!.html
绿皮书（普通话）,9.2,https://pic9.iqiyipic.com/image/20210915/23/e7/v_128125704_m_601_m7.webp,https://www.iqiyi.com/v_19rsjflem8.html
一伞烟雨,,http://pic4.iqiyipic.com/image/20241216/e7/03/v_179176859_m_601_m1.webp,http://www.iqiyi.com/v_74810cb17!.html
一伞烟雨,,http://pic0.iqiyipic.com/image/20241216/4c/8b/v_179176864_m_601_m1.webp,http://www.iqiyi.com/v_70f4cc484!.html
冬至,8.3,http://pic8.iqiyipic.com/image/20241220/37/d9/v_179209610_m_601.webp,http://www.iqiyi.com/v_a4b2a26c7!.html
狮子王（1994)（普通话）,9.2,https://pic3.iqiyipic.com/image/20231113/4b/75/v_119181667_m_601_m10.webp,https://www.iqiyi.com/v_19rr5881tc.html
哈利·波特7:死亡圣器(下),9.2,https://pic1.iqiyipic.com/image/20231113/d7/85/v_111044166_m_601_m17.webp,https://www.iqiyi.com/v_19rr9gh53c.html
出走的决心,9.1,https://pic1.iqiyipic.com/image/20241121/74/c4/v_177793248_m_601_m4.webp,https://www.iqiyi.com/v_q0cnupxfyw.html
2019阅兵盛典,9.4,https://pic6.iqiyipic.com/image/20231113/2d/8b/v_150970939_m_601_m10.webp,https://www.iqiyi.com/v_19rz73k6ic.html
我是刑警,9.2,http://pic6.iqiyipic.com/image/20241129/5a/a5/v_179046912_m_601_m1.webp,http://www.iqiyi.com/v_c6fb023e0!.html
当幸福来敲门,9.4,https://pic3.iqiyipic.com/image/20231109/91/7e/v_50111606_m_601_m26.webp,https://www.iqiyi.com/v_19rrk3nlys.html
生活多美好,9.4,https://pic0.iqiyipic.com/image/20230630/5f/3d/v_62816727_m_601_m8.webp,https://www.iqiyi.com/v_19rrmy3seo.html
教父2,9.4,https://pic6.iqiyipic.com/image/20231109/57/03/v_50521442_m_601_m13.webp,https://www.iqiyi.com/v_19rrg3joh0.html
无间道（粤语）,9.4,https://pic5.iqiyipic.com/image/20230629/53/6e/v_50049633_m_601_m17.webp,https://www.iqiyi.com/v_19rrjdhoug.html
机器人总动员（普通话）,9.4,https://pic7.iqiyipic.com/image/20231109/a8/d6/v_110432157_m_601_m10.webp,https://www.iqiyi.com/v_19rrlhh5l0.html
楚门的世界（普通话）,9.4,https://pic2.iqiyipic.com/image/20231109/2f/8d/v_170522149_m_601_m4.webp,https://www.iqiyi.com/v_dd7458e78g.html
教父（普通话）,9.4,https://pic2.iqiyipic.com/image/20230629/fb/b1/v_147754014_m_601_m9.webp,https://www.iqiyi.com/v_19ryibd204.html
海蒂和爷爷（普通话）,9.4,https://pic9.iqiyipic.com/image/20230629/82/5d/v_132466475_m_601_m10.webp,https://www.iqiyi.com/v_19rsbr0r7k.html
放牛班的春天（普通话）,9.4,https://pic3.iqiyipic.com/image/20231110/bd/30/v_112877132_m_601_m6.webp,https://www.iqiyi.com/v_19rr7pap10.html
里斯本丸沉没,9.3,https://pic3.iqiyipic.com/image/20241128/77/e8/v_178946919_m_601_m3.webp,https://www.iqiyi.com/v_t7dpudufb0.html
疯狂动物城,9.3,https://pic4.iqiyipic.com/image/20231110/f8/ee/v_110294275_m_601_m21.webp,https://www.iqiyi.com/v_19rrlpltbg.html
大话西游之大圣娶亲,9.3,https://pic1.iqiyipic.com/image/20250102/d0/8b/v_109655862_m_601_m19.webp,https://www.iqiyi.com/v_19rrkqj66k.html
开国将帅授衔1955,9.3,https://pic2.iqiyipic.com/image/20240112/bc/40/v_175086127_m_601_m1.webp,https://www.iqiyi.com/v_230favw0ptg.html
灵异第六感,9.1,https://pic5.iqiyipic.com/image/20231109/b8/dc/v_50084074_m_601_m16.webp,https://www.iqiyi.com/v_19rrjbsozo.html
哪吒之魔童降世,9.1,https://pic1.iqiyipic.com/image/20231208/a7/c5/v_115686092_m_601_m21.webp,https://www.iqiyi.com/v_19rrcuke28.html
机器人之梦,9.1,https://pic8.iqiyipic.com/image/20241023/5d/47/v_176815539_m_601_m5.webp,https://www.iqiyi.com/v_z6x1xrlve0.html
勇士,9.1,https://pic9.iqiyipic.com/image/20210915/cf/a4/v_127657420_m_601_m7.webp,https://www.iqiyi.com/v_19rsj5lew8.html
赛德克·巴莱,9.1,https://pic9.iqiyipic.com/image/20210916/65/89/v_50228935_m_601_m13.webp,https://www.iqiyi.com/v_19rrk6z1ow.html
四个春天,9.1,https://pic1.iqiyipic.com/image/20231109/97/5e/v_121650236_m_601_m16.webp,https://www.iqiyi.com/v_19rr474tto.html
傲慢与偏见,9.1,https://pic2.iqiyipic.com/image/20240919/21/eb/v_106624952_m_601_m18.webp,https://www.iqiyi.com/v_19rrhxxnck.html
你看起来很好吃,9.1,https://pic6.iqiyipic.com/image/20231109/69/08/v_165375330_m_601_m5.webp,https://www.iqiyi.com/v_k0wl3is1ow.html
心灵奇旅（普通话）,9.1,https://pic3.iqiyipic.com/image/20231109/8d/f9/v_157707854_m_601_m6.webp,https://www.iqiyi.com/v_ltjrjk730g.html
蝴蝶效应,9.1,https://pic4.iqiyipic.com/image/20230629/66/2c/v_143086926_m_601_m7.webp,https://www.iqiyi.com/v_19rwfpb9z0.html
血战钢锯岭,9.1,https://pic6.iqiyipic.com/image/20231109/2f/d9/v_111512288_m_601_m9.webp,https://www.iqiyi.com/v_19rr9ts93w.html
岁月神偷,9.1,https://pic9.iqiyipic.com/image/20231110/99/7a/v_50024432_m_601_m14.webp,https://www.iqiyi.com/v_19rrjekffw.html
弱点,9.1,https://pic2.iqiyipic.com/image/20231109/fc/dd/v_111436326_m_601_m13.webp,https://www.iqiyi.com/v_19rra7zdzo.html
蜡笔小新：激战！涂鸦王国和约四位勇士,9.1,https://pic3.iqiyipic.com/image/20240710/d9/e8/v_173166299_m_601_m6.webp,https://www.iqiyi.com/v_22ws4xynaak.html
甜蜜蜜,9.1,https://pic6.iqiyipic.com/image/20231109/6c/15/v_166673231_m_601_m3.webp,https://www.iqiyi.com/v_pr1emqqqzw.html
怦然心动,9.3,https://pic9.iqiyipic.com/image/20231109/59/4a/v_111381249_m_601_m11.webp,https://www.iqiyi.com/v_19rra10k7w.html
飞屋环游记,9.3,https://pic1.iqiyipic.com/image/20231110/92/7d/v_50343421_m_601_m22.webp,https://www.iqiyi.com/v_19rrjpyvco.html
猫鼠游戏,9.3,https://pic6.iqiyipic.com/image/20231110/10/e1/v_62831089_m_601_m12.webp,https://www.iqiyi.com/v_19rrmxplc8.html
哈尔的移动城堡（普通话） ,9.3,https://pic2.iqiyipic.com/image/20240913/17/ce/v_177130808_m_601_m3.webp,https://www.iqiyi.com/v_cm1o1ppfig.html
我不是药神,9.3,https://pic9.iqiyipic.com/image/20240905/27/e4/v_114041616_m_601_m21.webp,https://www.iqiyi.com/v_19rreozmq8.html
海上钢琴师,9.3,https://pic6.iqiyipic.com/image/20231109/33/5e/v_112846160_m_601_m15.webp,https://www.iqiyi.com/v_19rr7r4y2o.html
百团大战,9.3,https://pic2.iqiyipic.com/image/20240229/5f/cd/v_112846012_m_601_m13.webp,https://www.iqiyi.com/v_19rr7r6rbo.html
寻梦环游记,9.3,https://pic4.iqiyipic.com/image/20231110/03/95/v_112982475_m_601_m22.webp,https://www.iqiyi.com/v_19rr8cycvc.html
哈利·波特1:魔法石,9.3,https://pic0.iqiyipic.com/image/20231110/c7/5a/v_50077316_m_601_m31.webp,https://www.iqiyi.com/v_19rrjbdi0s.html
何以为家,9.3,https://pic1.iqiyipic.com/image/20231109/42/1e/v_128294569_m_601_m12.webp,https://www.iqiyi.com/v_19rsfrzkj8.html
闻香识女人,9.3,https://pic1.iqiyipic.com/image/20231109/09/5c/v_106658745_m_601_m17.webp,https://www.iqiyi.com/v_19rrhwtpa4.html
天空之城,9.3,https://pic5.iqiyipic.com/image/20231110/34/e9/v_110703192_m_601_m7.webp,https://www.iqiyi.com/v_19rrmgbgw8.html
拯救大兵瑞恩,9.3,https://pic7.iqiyipic.com/image/20231113/b6/5a/v_109000932_m_601_m17.webp,https://www.iqiyi.com/v_19rrnpp9co.html
建军大业,9.3,https://pic8.iqiyipic.com/image/20240228/c1/76/v_112879814_m_601_m20.webp,https://www.iqiyi.com/v_19rr7pgfhs.html
帮助（普通话）,9.1,https://pic0.iqiyipic.com/image/20231109/cd/12/v_152452668_m_601_m4.webp,https://www.iqiyi.com/v_1c1qpiea9ak.html
功夫（粤语）,9.1,https://pic5.iqiyipic.com/image/20231109/7f/81/v_50116212_m_601_m15.webp,https://www.iqiyi.com/v_19rrk40at8.html
生门,9.1,https://pic4.iqiyipic.com/image/20231113/89/53/v_112875980_m_601_m14.webp,https://www.iqiyi.com/v_19rr7p7k4k.html
我们俩,9.1,https://pic1.iqiyipic.com/image/20240315/b7/42/v_106534838_m_601_m5.webp,https://www.iqiyi.com/v_19rrhxu3do.html
加勒比海盗：黑珍珠号的诅咒,9.1,https://pic9.iqiyipic.com/image/20231110/39/65/v_50073618_m_601_m19.webp,https://www.iqiyi.com/v_19rrjcf6xw.html
波西米亚狂想曲,9.1,https://pic8.iqiyipic.com/image/20231109/06/d7/v_117775412_m_601_m20.webp,https://www.iqiyi.com/v_19rqycwafc.html
无间道2（粤语）,9.1,https://pic6.iqiyipic.com/image/20231110/ed/22/v_50046141_m_601_m13.webp,https://www.iqiyi.com/v_19rrjd9we0.html
卢旺达饭店,9.1,https://pic4.iqiyipic.com/image/20231110/28/cc/v_50151010_m_601_m17.webp,https://www.iqiyi.com/v_19rrk0zwys.html
二十二,9.1,https://pic3.iqiyipic.com/image/20230629/12/9f/v_112881168_m_601_m6.webp,https://www.iqiyi.com/v_19rr7pj8ys.html
1950他们正年轻,9.1,https://pic6.iqiyipic.com/image/20231109/ce/11/v_160561145_m_601_m6.webp,https://www.iqiyi.com/v_e6mrvdkiz0.html
功夫,9.1,https://pic6.iqiyipic.com/image/20231109/30/51/v_50116213_m_601_m14.webp,https://www.iqiyi.com/v_19rrk40ajc.html
迈克尔·杰克逊：就是这样,9.1,https://pic8.iqiyipic.com/image/20231110/26/1a/v_50756051_m_601_m12.webp,https://www.iqiyi.com/v_19rrg016yo.html
寂静人生,9.1,https://pic7.iqiyipic.com/image/20240528/6e/67/v_112874131_m_601_m7.webp,https://www.iqiyi.com/v_19rr7p1sh8.html
彩绘心天地,9.1,https://pic0.iqiyipic.com/image/20230629/e4/b6/v_112882924_m_601_m7.webp,https://www.iqiyi.com/v_19rr7pmc0k.html
哈利·波特4:火焰杯,9.1,https://pic3.iqiyipic.com/image/20231113/7a/74/v_50076831_m_601_m18.webp,https://www.iqiyi.com/v_19rrjbfy7k.html
哀乐中年,9.1,https://pic9.iqiyipic.com/image/20230630/e7/c6/v_110663391_m_601_m9.webp,https://www.iqiyi.com/v_19rrm91nhg.html
指环王3：王者无敌,9.3,https://pic7.iqiyipic.com/image/20231113/9c/b7/v_111468986_m_601_m16.webp,https://www.iqiyi.com/v_19rra68crs.html
冰血长津湖,9.3,https://pic2.iqiyipic.com/image/20241012/6c/12/v_154006786_m_601_m6.webp,https://www.iqiyi.com/v_cmar28otbs.html
死亡诗社,9.3,https://pic4.iqiyipic.com/image/20231109/86/63/v_50079507_m_601_m9.webp,https://www.iqiyi.com/v_19rrjblpq8.html
摔跤吧！爸爸,9.3,https://pic9.iqiyipic.com/image/20240912/60/8f/v_112643955_m_601_m16.webp,https://www.iqiyi.com/v_19rr7sz5b8.html
美丽心灵,9.3,https://pic3.iqiyipic.com/image/20231110/2b/6f/v_109003164_m_601_m14.webp,https://www.iqiyi.com/v_19rrnppl5w.html
大闹天宫（1964）,9.3,https://pic7.iqiyipic.com/image/20240828/74/fc/v_112875529_m_601_m15.webp,https://www.iqiyi.com/v_19rr7p4hg4.html
黄金三镖客,9.3,https://pic0.iqiyipic.com/image/20231109/1a/fa/v_62644993_m_601_m10.webp,https://www.iqiyi.com/v_19rrho31mw.html
丛林赤子心,9.3,https://pic6.iqiyipic.com/image/20231110/93/45/v_50171641_m_601_m17.webp,https://www.iqiyi.com/v_19rrjzqai0.html
摩登时代,9.3,https://pic5.iqiyipic.com/image/20230629/4f/3a/v_50000348_m_601_m14.webp,https://www.iqiyi.com/v_19rrj6sjrw.html
乱世佳人,9.3,https://pic7.iqiyipic.com/image/20231109/7d/8e/v_50095306_m_601_m11.webp,https://www.iqiyi.com/v_19rrjba8ec.html
禁闭岛,9.0,https://pic1.iqiyipic.com/image/20231109/a3/5c/v_50111608_m_601_m13.webp,https://www.iqiyi.com/v_19rrk3nll8.html
我是刑警,9.2,http://pic6.iqiyipic.com/image/20241129/5a/a5/v_179046912_m_601_m1.webp,http://www.iqiyi.com/v_c6fb023e0!.html
白月梵星,,http://pic3.iqiyipic.com/image/20250107/90/a6/v_179529366_m_601.webp,http://www.iqiyi.com/v_11734ab6f!.html
冬至,8.3,http://pic7.iqiyipic.com/image/20241220/a5/5a/v_179213139_m_601.webp,http://www.iqiyi.com/v_469474287!.html
源代码,9.0,https://pic6.iqiyipic.com/image/20230629/95/32/v_106522362_m_601_m13.webp,https://www.iqiyi.com/v_19rrhynlvs.html
流浪地球2,9.0,https://pic9.iqiyipic.com/image/20241009/84/b2/v_170957933_m_601_m15.webp,https://www.iqiyi.com/v_1yzsojq1cg8.html
长安三万里,9.0,https://pic6.iqiyipic.com/image/20231208/4a/69/v_172564154_m_601_m9.webp,https://www.iqiyi.com/v_1x1h3bj0t14.html
一伞烟雨,,http://pic0.iqiyipic.com/image/20241216/4c/8b/v_179176864_m_601_m1.webp,http://www.iqiyi.com/v_70f4cc484!.html
九品芝麻官,9.0,https://pic6.iqiyipic.com/image/20231109/d9/4d/v_50002644_m_601_m18.webp,https://www.iqiyi.com/v_19rrj5oif0.html
红海行动,9.0,https://pic4.iqiyipic.com/image/20240912/84/a8/v_112882553_m_601_m22.webp,https://www.iqiyi.com/v_19rr7plwdc.html
七宗罪,9.0,https://pic7.iqiyipic.com/image/20231109/bb/00/v_143087205_m_601_m9.webp,https://www.iqiyi.com/v_19rwfpg4o4.html
复仇者联盟4：终局之战,9.0,https://pic4.iqiyipic.com/image/20240910/90/6d/v_112869925_m_601_m39.webp,https://www.iqiyi.com/v_19rr7q1fy0.html
西西里的美丽传说,8.8,https://pic6.iqiyipic.com/image/20241028/6a/30/v_104515858_m_601_m15.webp,https://www.iqiyi.com/v_19rrh1gubo.html
冰雪奇缘,8.8,https://pic7.iqiyipic.com/image/20231109/ef/66/v_109424017_m_601_m17.webp,https://www.iqiyi.com/v_19rro5rids.html
白月梵星,,http://pic0.iqiyipic.com/image/20250107/6d/b4/v_179529347_m_601.webp,http://www.iqiyi.com/v_64efe1e6d!.html
夜未央,,http://pic4.iqiyipic.com/image/20241127/bc/c9/v_179035419_m_601_m1.webp,http://www.iqiyi.com/v_b24d120ba!.html
星际宝贝,8.8,https://pic0.iqiyipic.com/image/20231109/6c/d5/v_131928007_m_601_m8.webp,https://www.iqiyi.com/v_19rsdplfa8.html
飓风营救,8.8,https://pic9.iqiyipic.com/image/20240506/93/3a/v_50030220_m_601_m12.webp,https://www.iqiyi.com/v_19rrjesx24.html
少林寺,8.8,https://pic1.iqiyipic.com/image/20231109/a5/4d/v_62645548_m_601_m9.webp,https://www.iqiyi.com/v_19rrho7dy4.html
初恋这件小事,8.8,https://pic3.iqiyipic.com/image/20231110/8c/a1/v_50105069_m_601_m21.webp,https://www.iqiyi.com/v_19rrjajrzs.html
唐顿庄园2,8.8,https://pic5.iqiyipic.com/image/20231109/a3/03/v_167452333_m_601_m6.webp,https://www.iqiyi.com/v_1mjy70tpmm0.html
花束般的恋爱（普通话）,8.8,https://pic0.iqiyipic.com/image/20231109/75/b4/v_168101420_m_601_m3.webp,https://www.iqiyi.com/v_11iau1r6cqk.html
僵尸新娘,8.8,https://pic0.iqiyipic.com/image/20231110/08/45/v_143087127_m_601_m9.webp,https://www.iqiyi.com/v_19rwfpgmwo.html
三块广告牌,8.8,https://pic5.iqiyipic.com/image/20230705/de/d4/v_113442892_m_601_m14.webp,https://www.iqiyi.com/v_19rr8q7ke8.html
铁甲钢拳,8.8,https://pic8.iqiyipic.com/image/20231109/a1/c7/v_50163097_m_601_m15.webp,https://www.iqiyi.com/v_19rrk0jqy0.html
萨利机长,8.8,https://pic2.iqiyipic.com/image/20230629/39/ea/v_112873025_m_601_m8.webp,https://www.iqiyi.com/v_19rr7q7ndc.html
致命魔术,8.8,https://pic3.iqiyipic.com/image/20210916/ff/68/v_111388040_m_601_m9.webp,https://www.iqiyi.com/v_19rra04xok.html
喊·山,8.8,https://pic8.iqiyipic.com/image/20231109/88/b7/v_111044219_m_601_m12.webp,https://www.iqiyi.com/v_19rr9ggp9w.html
魂断蓝桥,9.1,https://pic3.iqiyipic.com/image/20231109/26/37/v_110550493_m_601_m10.webp,https://www.iqiyi.com/v_19rrll6i1w.html
心灵奇旅,9.1,https://pic1.iqiyipic.com/image/20231110/a7/70/v_155122208_m_601_m9.webp,https://www.iqiyi.com/v_srhoj3lh48.html
弱点（普通话）,9.1,https://pic3.iqiyipic.com/image/20231110/64/57/v_148253177_m_601_m10.webp,https://www.iqiyi.com/v_19rybxarfk.html
加勒比海盗（普通话）,9.1,https://pic6.iqiyipic.com/image/20230714/05/d4/v_133782447_m_601_m4.webp,https://www.iqiyi.com/v_19rrzj5dl4.html
哈利·波特4:火焰杯(普通话),9.1,https://pic3.iqiyipic.com/image/20231109/93/dd/v_138682314_m_601_m11.webp,https://www.iqiyi.com/v_19ru5avaok.html
血战钢锯岭（普通话）,9.1,https://pic5.iqiyipic.com/image/20230629/2c/6a/v_111769933_m_601_m8.webp,https://www.iqiyi.com/v_19rraslevk.html
用心棒,9.1,https://pic3.iqiyipic.com/image/20220820/93/d4/v_62645267_m_601_m6.webp,https://www.iqiyi.com/v_19rrho6rcw.html
岁月神偷（粤语）,9.1,https://pic0.iqiyipic.com/image/20230831/90/98/v_50045829_m_601_m10.webp,https://www.iqiyi.com/v_19rrjd9920.html
年会不能停！,9.0,https://pic7.iqiyipic.com/image/20241009/5b/61/v_174378556_m_601_m5.webp,https://www.iqiyi.com/v_2clubpj29g8.html
黑鹰坠落,9.0,https://pic9.iqiyipic.com/image/20231113/5a/23/v_50112807_m_601_m16.webp,https://www.iqiyi.com/v_19rrk3p5u8.html
超能陆战队,9.0,https://pic6.iqiyipic.com/image/20231109/57/71/v_109098651_m_601_m17.webp,https://www.iqiyi.com/v_19rrntpmhg.html
新龙门客栈（1992）,9.0,https://pic8.iqiyipic.com/image/20240402/b6/c9/v_62645590_m_601_m14.webp,https://www.iqiyi.com/v_19rrho7h84.html
房间,9.0,https://pic0.iqiyipic.com/image/20231110/85/b3/v_112873632_m_601_m4.webp,https://www.iqiyi.com/v_19rr7p2ur0.html
风中的火焰,,http://pic1.iqiyipic.com/image/20241226/19/29/v_179275018_m_601.webp,http://www.iqiyi.com/v_56a9bc824!.html
人工智能,9.0,https://pic7.iqiyipic.com/image/20231110/b7/94/v_109016306_m_601_m13.webp,https://www.iqiyi.com/v_19rrno1q60.html
蜘蛛侠：平行宇宙,9.0,https://pic2.iqiyipic.com/image/20231110/cc/96/v_114548891_m_601_m17.webp,https://www.iqiyi.com/v_19rreyllho.html
白月梵星,,http://pic0.iqiyipic.com/image/20250107/6d/b4/v_179529347_m_601.webp,http://www.iqiyi.com/v_64efe1e6d!.html
四渡赤水,9.0,https://pic2.iqiyipic.com/image/20240828/a8/5f/v_112853632_m_601_m5.webp,https://www.iqiyi.com/v_19rr7qdnw4.html
我在雨中等你,9.0,https://pic4.iqiyipic.com/image/20231109/70/98/v_129792399_m_601_m6.webp,https://www.iqiyi.com/v_19rsndkcwg.html
沉默的羔羊,9.0,https://pic8.iqiyipic.com/image/20231109/ed/6e/v_121601088_m_601_m9.webp,https://www.iqiyi.com/v_19rr4ad9lw.html
驯龙高手,9.0,https://pic9.iqiyipic.com/image/20231113/f3/13/v_107649757_m_601_m14.webp,https://www.iqiyi.com/v_19rrmugvis.html
白蛇：缘起,8.8,https://pic8.iqiyipic.com/image/20231113/7d/45/v_119183912_m_601_m29.webp,https://www.iqiyi.com/v_19rr575vxk.html
复仇者联盟,8.8,https://pic4.iqiyipic.com/image/20231109/83/9d/v_50271398_m_601_m15.webp,https://www.iqiyi.com/v_19rrk4egc4.html
我和我的祖国,8.8,https://pic0.iqiyipic.com/image/20240912/56/01/v_127076583_m_601_m37.webp,https://www.iqiyi.com/v_19rsho8w7c.html
相爱相亲,8.8,https://pic0.iqiyipic.com/image/20231109/08/e3/v_113091039_m_601_m17.webp,https://www.iqiyi.com/v_19rr8gqd9o.html
血钻,8.8,https://pic4.iqiyipic.com/image/20230629/5b/cb/v_111388117_m_601_m9.webp,https://www.iqiyi.com/v_19rra04q2k.html
风中的火焰,,http://pic1.iqiyipic.com/image/20241226/19/29/v_179275018_m_601.webp,http://www.iqiyi.com/v_56a9bc824!.html
冬至,8.3,http://pic8.iqiyipic.com/image/20241220/37/d9/v_179209610_m_601.webp,http://www.iqiyi.com/v_a4b2a26c7!.html
特级英雄黄继光,8.8,https://pic8.iqiyipic.com/image/20231109/7c/4c/v_169405613_m_601_m9.webp,https://www.iqiyi.com/v_22kopywzws0.html
冬至,8.3,http://pic7.iqiyipic.com/image/20241220/a5/5a/v_179213139_m_601.webp,http://www.iqiyi.com/v_469474287!.html
爱在日落黄昏时,9.0,https://pic0.iqiyipic.com/image/20231109/4e/08/v_50095279_m_601_m16.webp,https://www.iqiyi.com/v_19rrjba7jk.html
冬至,8.3,http://pic8.iqiyipic.com/image/20241220/37/d9/v_179209610_m_601.webp,http://www.iqiyi.com/v_a4b2a26c7!.html
血战台儿庄,9.0,https://pic0.iqiyipic.com/image/20240905/2d/ae/v_112854477_m_601_m4.webp,https://www.iqiyi.com/v_19rr7qdd5o.html
东邪西毒：终极版（粤语）,9.0,https://pic4.iqiyipic.com/image/20231127/56/08/v_109270237_m_601_m14.webp,https://www.iqiyi.com/v_19rroofvdo.html
恋恋笔记本,9.0,https://pic6.iqiyipic.com/image/20231113/02/37/v_143087039_m_601_m10.webp,https://www.iqiyi.com/v_19rwfpfwog.html
头号玩家,9.0,https://pic1.iqiyipic.com/image/20231113/53/b6/v_114256438_m_601_m15.webp,https://www.iqiyi.com/v_19rreck3v4.html
低俗小说,9.0,https://pic8.iqiyipic.com/image/20231109/75/37/v_50324069_m_601_m9.webp,https://www.iqiyi.com/v_19rrjrbafs.html
一伞烟雨,,http://pic4.iqiyipic.com/image/20241216/e7/03/v_179176859_m_601_m1.webp,http://www.iqiyi.com/v_74810cb17!.html
精武英雄,9.0,https://pic2.iqiyipic.com/image/20231109/4b/a3/v_62645532_m_601_m17.webp,https://www.iqiyi.com/v_19rrho7c7w.html
可可西里,9.0,https://pic5.iqiyipic.com/image/20240710/dc/a3/v_50002559_m_601_m17.webp,https://www.iqiyi.com/v_19rrj5ooz4.html
雄狮少年（粤语）,9.0,https://pic1.iqiyipic.com/image/20230629/b8/19/v_165623421_m_601_m3.webp,https://www.iqiyi.com/v_f9l5o4inoc.html
夜未央,,http://pic4.iqiyipic.com/image/20241127/bc/c9/v_179035419_m_601_m1.webp,http://www.iqiyi.com/v_b24d120ba!.html
甲方乙方,8.8,https://pic4.iqiyipic.com/image/20231226/63/52/v_112847615_m_601_m7.webp,https://www.iqiyi.com/v_19rr7r7dek.html
一伞烟雨,,http://pic0.iqiyipic.com/image/20241216/4c/8b/v_179176864_m_601_m1.webp,http://www.iqiyi.com/v_70f4cc484!.html
一伞烟雨,,http://pic4.iqiyipic.com/image/20241216/e7/03/v_179176859_m_601_m1.webp,http://www.iqiyi.com/v_74810cb17!.html
赌神,8.8,https://pic0.iqiyipic.com/image/20231110/10/d0/v_50002680_m_601_m16.webp,https://www.iqiyi.com/v_19rrj5o9ak.html
白月梵星,,http://pic3.iqiyipic.com/image/20250107/90/a6/v_179529366_m_601.webp,http://www.iqiyi.com/v_11734ab6f!.html
十二公民,8.8,https://pic9.iqiyipic.com/image/20231109/39/3c/v_109484376_m_601_m13.webp,https://www.iqiyi.com/v_19rrocuzus.html
疯狂原始人,8.8,https://pic1.iqiyipic.com/image/20231109/f6/d8/v_50626085_m_601_m10.webp,https://www.iqiyi.com/v_19rrfxbhco.html
我是刑警,9.2,http://pic6.iqiyipic.com/image/20241129/5a/a5/v_179046912_m_601_m1.webp,http://www.iqiyi.com/v_c6fb023e0!.html
归来,8.8,https://pic5.iqiyipic.com/image/20230629/cc/3d/v_112544115_m_601_m5.webp,https://www.iqiyi.com/v_19rr75mj4g.html
查理和巧克力工厂,8.8,https://pic7.iqiyipic.com/image/20231109/86/e1/v_111412644_m_601_m12.webp,https://www.iqiyi.com/v_19rra9112c.html
国王的演讲,8.9,https://pic1.iqiyipic.com/image/20230629/f5/d2/v_50180439_m_601_m10.webp,https://www.iqiyi.com/v_19rrjz3axc.html
百鸟朝凤,8.9,https://pic8.iqiyipic.com/image/20231110/52/29/v_110582187_m_601_m9.webp,https://www.iqiyi.com/v_19rrljceco.html
白月梵星,,http://pic0.iqiyipic.com/image/20250107/6d/b4/v_179529347_m_601.webp,http://www.iqiyi.com/v_64efe1e6d!.html
夜未央,,http://pic4.iqiyipic.com/image/20241127/bc/c9/v_179035419_m_601_m1.webp,http://www.iqiyi.com/v_b24d120ba!.html
小公主,8.9,https://pic3.iqiyipic.com/image/20231110/1b/55/v_50108695_m_601_m9.webp,https://www.iqiyi.com/v_19rrk3h0y8.html
火星救援（普通话）,8.9,https://pic6.iqiyipic.com/image/20211130/c8/a1/v_110088076_m_601_m11.webp,https://www.iqiyi.com/v_19rrkxrw6c.html
卡萨布兰卡,8.9,https://pic9.iqiyipic.com/image/20230629/32/a3/v_50141333_m_601_m13.webp,https://www.iqiyi.com/v_19rrk1q9y0.html
阿郎的故事,8.9,https://pic6.iqiyipic.com/image/20231109/df/a6/v_50138985_m_601_m11.webp,https://www.iqiyi.com/v_19rrk1ir54.html
霍比特人2：史矛革之战（普通话）,8.9,https://pic5.iqiyipic.com/image/20230629/7f/b9/v_118139038_m_601_m9.webp,https://www.iqiyi.com/v_19rqz5mp7g.html
雄狮少年,9.0,https://pic2.iqiyipic.com/image/20241008/d0/e1/v_157985352_m_601_m9.webp,https://www.iqiyi.com/v_nf5skrtrx0.html
红猪,9.0,https://pic4.iqiyipic.com/image/20240403/a6/df/v_175935696_m_601_m4.webp,https://www.iqiyi.com/v_ce99fhiky0.html
燃情岁月,9.0,https://pic4.iqiyipic.com/image/20190808/6e/41/v_50116750_m_601_m9.webp,https://www.iqiyi.com/v_19rrk3xkes.html
阿涅斯论瓦尔达,9.0,https://pic0.iqiyipic.com/image/20210915/4b/db/v_127781348_m_601_m7.webp,https://www.iqiyi.com/v_19rsix5hds.html
爱在黎明破晓前,9.0,https://pic7.iqiyipic.com/image/20231109/02/17/v_111394078_m_601_m10.webp,https://www.iqiyi.com/v_19rra0khao.html
我的1919（独家修复版）,9.0,https://pic7.iqiyipic.com/image/20240227/d4/e6/v_141751120_m_601_m14.webp,https://www.iqiyi.com/v_19ruwdtv24.html
从海底出击,9.0,https://pic1.iqiyipic.com/image/20231109/5e/2a/v_100586743_m_601_m16.webp,https://www.iqiyi.com/v_19rrh8y2bw.html
奇迹男孩,9.0,https://pic1.iqiyipic.com/image/20241127/e2/e2/v_112982441_m_601_m21.webp,https://www.iqiyi.com/v_19rr8cybts.html
阿Q正传,9.0,https://pic1.iqiyipic.com/image/20231110/76/cc/v_108826821_m_601_m12.webp,https://www.iqiyi.com/v_19rrnz0w50.html
我这一辈子,9.0,https://pic1.iqiyipic.com/image/20231109/03/3f/v_105049553_m_601_m12.webp,https://www.iqiyi.com/v_19rrh7228k.html
梁祝（1994）,9.0,https://pic7.iqiyipic.com/image/20231110/15/cd/v_166725948_m_601_m3.webp,https://www.iqiyi.com/v_s0lo1qlhyk.html
花样年华（粤语）,9.0,https://pic7.iqiyipic.com/image/20231127/94/29/v_62645852_m_601_m11.webp,https://www.iqiyi.com/v_19rrho5ifw.html
卧虎藏龙,8.8,https://pic9.iqiyipic.com/image/20241227/7e/1b/v_135698369_m_601_m15.webp,https://www.iqiyi.com/v_19rtge6mvc.html
兵临城下,8.8,https://pic5.iqiyipic.com/image/20231109/93/47/v_50112779_m_601_m12.webp,https://www.iqiyi.com/v_19rrk3p4tc.html
万箭穿心,8.8,https://pic5.iqiyipic.com/image/20231110/9a/45/v_50383122_m_601_m10.webp,https://www.iqiyi.com/v_19rrjxbgf8.html
换子疑云,8.8,https://pic3.iqiyipic.com/image/20230629/9f/1f/v_106399013_m_601_m20.webp,https://www.iqiyi.com/v_19rri04anw.html
惊魂记（1960）,8.8,https://pic0.iqiyipic.com/image/20230629/4f/25/v_62645897_m_601_m10.webp,https://www.iqiyi.com/v_19rrho5bs8.html
地道战（独家修复版）,8.8,https://pic7.iqiyipic.com/image/20240909/43/28/v_136588193_m_601_m17.webp,https://www.iqiyi.com/v_19rt0rimoo.html
小飞象（普通话）,8.8,https://pic9.iqiyipic.com/image/20231109/9a/32/v_115779505_m_601_m9.webp,https://www.iqiyi.com/v_19rrd00kaw.html
忠犬八公,8.8,https://pic9.iqiyipic.com/image/20240929/05/78/v_158099505_m_601_m15.webp,https://www.iqiyi.com/v_1huky7hntjk.html
复仇者联盟3：无限战争,8.8,https://pic3.iqiyipic.com/image/20231109/c0/6e/v_112869924_m_601_m25.webp,https://www.iqiyi.com/v_19rr7q1fyc.html
星守之犬,8.8,https://pic8.iqiyipic.com/image/20230629/49/89/v_50253934_m_601_m12.webp,https://www.iqiyi.com/v_19rrk4p3x0.html
无人区,8.8,https://pic5.iqiyipic.com/image/20240228/2f/66/v_105087120_m_601_m16.webp,https://www.iqiyi.com/v_19rrh65smw.html
天若有情,8.8,https://pic0.iqiyipic.com/image/20231109/a5/ca/v_50062668_m_601_m16.webp,https://www.iqiyi.com/v_19rrjd2hcs.html
海边的曼彻斯特,8.8,https://pic0.iqiyipic.com/image/20231110/ec/b8/v_112582789_m_601_m5.webp,https://www.iqiyi.com/v_19rr72slwk.html
天国王朝,8.8,https://pic3.iqiyipic.com/image/20231109/8a/1c/v_50151099_m_601_m13.webp,https://www.iqiyi.com/v_19rrk0zt9c.html
宾虚,8.9,https://pic8.iqiyipic.com/image/20230629/ea/16/v_143345139_m_601_m8.webp,https://www.iqiyi.com/v_19rwef7eac.html
刘三姐,8.9,https://pic5.iqiyipic.com/image/20231110/79/1c/v_108766091_m_601_m15.webp,https://www.iqiyi.com/v_19rrn8121w.html
走出非洲,8.9,https://pic1.iqiyipic.com/image/20230629/5a/3e/v_106734472_m_601_m15.webp,https://www.iqiyi.com/v_19rrhw58a8.html
天伦之旅,8.9,https://pic1.iqiyipic.com/image/20230630/84/63/v_50335389_m_601_m13.webp,https://www.iqiyi.com/v_19rrjqrbug.html
弗里达,8.9,https://pic6.iqiyipic.com/image/20201228/b1/28/v_50330084_m_601_m10.webp,https://www.iqiyi.com/v_19rrjqhpto.html
笑傲江湖2：东方不败（粤语）,8.9,https://pic2.iqiyipic.com/image/20210916/0d/2e/v_109270844_m_601_m10.webp,https://www.iqiyi.com/v_19rrool6r4.html
流星语,8.9,https://pic1.iqiyipic.com/image/20210916/28/3e/v_62817202_m_601_m5.webp,https://www.iqiyi.com/v_19rrmy8auc.html
光荣之路,8.9,https://pic0.iqiyipic.com/image/20231110/5c/7b/v_50579603_m_601_m12.webp,https://www.iqiyi.com/v_19rrg9g51c.html
横道世之介,8.9,https://pic1.iqiyipic.com/image/20230630/b7/7c/v_62651561_m_601_m5.webp,https://www.iqiyi.com/v_19rrhoh27c.html
时空恋旅人,8.9,https://pic4.iqiyipic.com/image/20250107/bd/d5/v_62649545_m_601_m10.webp,https://www.iqiyi.com/v_19rrhofld4.html
桃姐,8.9,https://pic6.iqiyipic.com/image/20210916/4a/ac/v_50193669_m_601_m18.webp,https://www.iqiyi.com/v_19rrk8llp4.html
加勒比海盗2：聚魂棺,8.9,https://pic8.iqiyipic.com/image/20231109/cd/a6/v_50073509_m_601_m19.webp,https://www.iqiyi.com/v_19rrjcdxnc.html
风中的火焰,,http://pic1.iqiyipic.com/image/20241226/19/29/v_179275018_m_601.webp,http://www.iqiyi.com/v_56a9bc824!.html
冬至,8.3,http://pic8.iqiyipic.com/image/20241220/37/d9/v_179209610_m_601.webp,http://www.iqiyi.com/v_a4b2a26c7!.html
青蛇（粤语）,8.9,https://pic1.iqiyipic.com/image/20220821/8a/bb/v_110695938_m_601_m7.webp,https://www.iqiyi.com/v_19rrm775i4.html
冬至,8.3,http://pic7.iqiyipic.com/image/20241220/a5/5a/v_179213139_m_601.webp,http://www.iqiyi.com/v_469474287!.html
重返狼群,8.9,https://pic0.iqiyipic.com/image/20231110/47/05/v_112882494_m_601_m4.webp,https://www.iqiyi.com/v_19rr7plrac.html
一伞烟雨,,http://pic0.iqiyipic.com/image/20241216/4c/8b/v_179176864_m_601_m1.webp,http://www.iqiyi.com/v_70f4cc484!.html
年少日记（粤语）,8.8,https://pic8.iqiyipic.com/image/20240824/5b/09/v_177816807_m_601_m2.webp,https://www.iqiyi.com/v_1lc1biqi0gw.html
上甘岭,8.8,https://pic8.iqiyipic.com/image/20240227/04/2a/v_108789994_m_601_m16.webp,https://www.iqiyi.com/v_19rrn6rmxw.html
白月梵星,,http://pic0.iqiyipic.com/image/20250107/6d/b4/v_179529347_m_601.webp,http://www.iqiyi.com/v_64efe1e6d!.html
夜未央,,http://pic4.iqiyipic.com/image/20241127/bc/c9/v_179035419_m_601_m1.webp,http://www.iqiyi.com/v_b24d120ba!.html
美术老师的放羊班,8.8,https://pic1.iqiyipic.com/image/20231109/18/12/v_173038998_m_601_m10.webp,https://www.iqiyi.com/v_1y00937itlc.html
阮玲玉,8.8,https://pic1.iqiyipic.com/image/20231110/35/af/v_112849560_m_601_m10.webp,https://www.iqiyi.com/v_19rr7rep2s.html
蝙蝠侠：侠影之谜,8.8,https://pic4.iqiyipic.com/image/20231109/e3/9f/v_111422198_m_601_m12.webp,https://www.iqiyi.com/v_19rra8bxfs.html
为奴十二年,8.8,https://pic1.iqiyipic.com/image/20231110/f4/08/v_105092968_m_601_m23.webp,https://www.iqiyi.com/v_19rrh65ga8.html
乔乔的异想世界,8.8,https://pic2.iqiyipic.com/image/20230629/fa/d9/v_134740123_m_601_m13.webp,https://www.iqiyi.com/v_19rrst51oc.html
西线无战事,8.8,https://pic4.iqiyipic.com/image/20230629/0d/42/v_62818185_m_601_m10.webp,https://www.iqiyi.com/v_19rrmyaep4.html
喋血双雄(粤语),8.8,https://pic7.iqiyipic.com/image/20230629/be/4e/v_62815970_m_601_m4.webp,https://www.iqiyi.com/v_19rrmy5bfo.html
哈利·波特6:混血王子,8.8,https://pic0.iqiyipic.com/image/20231113/7f/2c/v_50266695_m_601_m19.webp,https://www.iqiyi.com/v_19rrk47uq8.html
唐伯虎点秋香（粤语）,9.0,https://pic3.iqiyipic.com/image/20231110/22/f6/v_50001673_m_601_m15.webp,https://www.iqiyi.com/v_19rrj6vey0.html
廊桥遗梦,9.0,https://pic4.iqiyipic.com/image/20231109/93/ac/v_111393102_m_601_m9.webp,https://www.iqiyi.com/v_19rra0idxs.html
紫色（1985）,9.0,https://pic7.iqiyipic.com/image/20250108/82/25/v_111443105_m_601_m10.webp,https://www.iqiyi.com/v_19rra74gt4.html
唐伯虎点秋香,9.0,https://pic6.iqiyipic.com/image/20231109/a7/73/v_110381483_m_601_m16.webp,https://www.iqiyi.com/v_19rrlunup8.html
南极大冒险,9.0,https://pic2.iqiyipic.com/image/20230629/fb/ce/v_50080932_m_601_m14.webp,https://www.iqiyi.com/v_19rrjbo3r0.html
爆裂鼓手,9.0,https://pic9.iqiyipic.com/image/20241204/7f/63/v_112875383_m_601_m10.webp,https://www.iqiyi.com/v_19rr7p3ee8.html
红星照耀中国,9.0,https://pic8.iqiyipic.com/image/20230628/a0/74/v_133801005_m_601_m10.webp,https://www.iqiyi.com/v_19rrznoevg.html
红胡子,9.0,https://pic2.iqiyipic.com/image/20230630/1d/62/v_50006345_m_601_m25.webp,https://www.iqiyi.com/v_19rrj5yxd4.html
无间道2,9.0,https://pic3.iqiyipic.com/image/20211205/db/97/v_120589997_m_601_m11.webp,https://www.iqiyi.com/v_19rr2mob3g.html
你逃我也逃（1942）,9.0,https://pic5.iqiyipic.com/image/20230629/5b/df/v_110263937_m_601_m6.webp,https://www.iqiyi.com/v_19rrlrkkuw.html
哈利·波特7:死亡圣器(上),9.0,https://pic0.iqiyipic.com/image/20231113/4f/2e/v_111044134_m_601_m13.webp,https://www.iqiyi.com/v_19rr9gh470.html
神女,9.0,https://pic1.iqiyipic.com/image/20230629/6e/ae/v_105078784_m_601_m10.webp,https://www.iqiyi.com/v_19rrh63vhs.html
渔童,9.0,https://pic3.iqiyipic.com/image/20231109/d4/c4/v_139479984_m_601_m10.webp,https://www.iqiyi.com/v_19rttei5fs.html
花样年华,9.0,https://pic4.iqiyipic.com/image/20231127/5a/16/v_112848678_m_601_m11.webp,https://www.iqiyi.com/v_19rr7rc3sk.html
悲惨世界（1958）,9.0,https://pic2.iqiyipic.com/image/20230629/d9/a1/v_50113760_m_601_m13.webp,https://www.iqiyi.com/v_19rrk3u1rg.html
将军号,9.0,https://pic3.iqiyipic.com/image/20230630/af/2c/v_112850399_m_601_m7.webp,https://www.iqiyi.com/v_19rr7rcx8o.html
卓别林传,9.0,https://pic8.iqiyipic.com/image/20230630/38/5c/v_62645596_m_601_m10.webp,https://www.iqiyi.com/v_19rrho7grg.html
尼罗河上的惨案（1978）,8.8,https://pic3.iqiyipic.com/image/20231110/2f/c0/v_109867298_m_601_m11.webp,https://www.iqiyi.com/v_19rrkgfr8g.html
记忆碎片,8.8,https://pic4.iqiyipic.com/image/20230629/b5/78/v_105771123_m_601_m9.webp,https://www.iqiyi.com/v_19rrhul5po.html
黑洞频率,8.8,https://pic0.iqiyipic.com/image/20210916/e3/31/v_111674876_m_601_m7.webp,https://www.iqiyi.com/v_19rraoa5lk.html
紫日,8.8,https://pic5.iqiyipic.com/image/20231110/c2/6b/v_112848462_m_601_m5.webp,https://www.iqiyi.com/v_19rr7rcntg.html
速度与激情5,8.8,https://pic9.iqiyipic.com/image/20230628/c4/7b/v_106340602_m_601_m15.webp,https://www.iqiyi.com/v_19rri0vxp0.html
年少日记,8.8,https://pic6.iqiyipic.com/image/20241011/e8/72/v_177789011_m_601_m6.webp,https://www.iqiyi.com/v_24o2lcnt3f8.html
刺杀肯尼迪,8.8,https://pic8.iqiyipic.com/image/20230629/84/58/v_108678650_m_601_m9.webp,https://www.iqiyi.com/v_19rrn38hbs.html
流浪地球,8.8,https://pic5.iqiyipic.com/image/20240911/10/1b/v_114811035_m_601_m29.webp,https://www.iqiyi.com/v_19rrfe142o.html
人鬼情未了,8.8,https://pic5.iqiyipic.com/image/20231109/9e/91/v_50112665_m_601_m13.webp,https://www.iqiyi.com/v_19rrk3pjqg.html
东方快车谋杀案（1974）,8.8,https://pic8.iqiyipic.com/image/20231109/0b/56/v_62817535_m_601_m16.webp,https://www.iqiyi.com/v_19rrmy66ls.html
回到未来（1985）,8.8,https://pic5.iqiyipic.com/image/20230629/27/92/v_106310429_m_601_m19.webp,https://www.iqiyi.com/v_19rrhsb0os.html
龙争虎斗,8.8,https://pic9.iqiyipic.com/image/20231110/62/4f/v_112854827_m_601_m5.webp,https://www.iqiyi.com/v_19rr7qgwvc.html
甘地传,8.8,https://pic7.iqiyipic.com/image/20230629/6f/f2/v_50117859_m_601_m15.webp,https://www.iqiyi.com/v_19rrk2rrk0.html
霍比特人1：意外之旅（普通话）,8.8,https://pic1.iqiyipic.com/image/20230629/70/00/v_118138789_m_601_m9.webp,https://www.iqiyi.com/v_19rqz5n7ik.html
一伞烟雨,,http://pic4.iqiyipic.com/image/20241216/e7/03/v_179176859_m_601_m1.webp,http://www.iqiyi.com/v_74810cb17!.html
史崔特先生的故事,8.9,https://pic2.iqiyipic.com/image/20231109/f2/76/v_109869923_m_601_m8.webp,https://www.iqiyi.com/v_19rrkfbtjw.html
白月梵星,,http://pic3.iqiyipic.com/image/20250107/90/a6/v_179529366_m_601.webp,http://www.iqiyi.com/v_11734ab6f!.html
沉默的羔羊（普通话）,8.9,https://pic1.iqiyipic.com/image/20231110/18/c9/v_169899176_m_601_m3.webp,https://www.iqiyi.com/v_i64k4icbm4.html
霍比特人1：意外之旅,8.9,https://pic8.iqiyipic.com/image/20231109/d4/db/v_118194391_m_601_m12.webp,https://www.iqiyi.com/v_19rqz2nah4.html
我是刑警,9.2,http://pic6.iqiyipic.com/image/20241129/5a/a5/v_179046912_m_601_m1.webp,http://www.iqiyi.com/v_c6fb023e0!.html
无敌破坏王（普通话）,8.9,https://pic0.iqiyipic.com/image/20231109/c9/b6/v_110431636_m_601_m8.webp,https://www.iqiyi.com/v_19rrlhk2fg.html
驯龙高手（普通话）,8.9,https://pic6.iqiyipic.com/image/20231113/25/4e/v_158667819_m_601_m4.webp,https://www.iqiyi.com/v_1htg22st9eo.html
加勒比海盗2：聚魂棺（普通话）,8.9,https://pic2.iqiyipic.com/image/20230629/b0/4c/v_140200318_m_601_m7.webp,https://www.iqiyi.com/v_19rvl3qvk0.html
钢铁侠（普通话）,8.9,https://pic4.iqiyipic.com/image/20230629/ee/80/v_133781343_m_601_m8.webp,https://www.iqiyi.com/v_19rrzk2cz8.html
霍比特人2：史矛革之战,8.9,https://pic1.iqiyipic.com/image/20231113/5f/c6/v_118194538_m_601_m14.webp,https://www.iqiyi.com/v_19rqz2lkxg.html
霍比特人3：五军之战,8.9,https://pic1.iqiyipic.com/image/20231113/87/1b/v_118194233_m_601_m14.webp,https://www.iqiyi.com/v_19rqz2np2w.html
金色池塘,8.9,https://pic0.iqiyipic.com/image/20230630/91/6d/v_107113710_m_601_m13.webp,https://www.iqiyi.com/v_19rrhkynr8.html
洛奇,8.8,https://pic3.iqiyipic.com/image/20211124/5f/c3/v_112846721_m_601_m10.webp,https://www.iqiyi.com/v_19rr7r54p0.html
林家铺子,8.8,https://pic3.iqiyipic.com/image/20241224/5d/96/v_108787276_m_601_m11.webp,https://www.iqiyi.com/v_19rrn6phwc.html
海底世界3D,8.8,https://pic9.iqiyipic.com/image/20231115/20/80/v_50546024_m_601_m5.webp,https://www.iqiyi.com/v_19rrgci158.html
爱,8.8,https://pic3.iqiyipic.com/image/20231113/b4/ad/v_109965965_m_601_m12.webp,https://www.iqiyi.com/v_19rrl4qzn0.html
情枭的黎明,8.8,https://pic8.iqiyipic.com/image/20230629/6b/67/v_106373377_m_601_m11.webp,https://www.iqiyi.com/v_19rrhzvke8.html
麦兜当当伴我心,8.8,https://pic3.iqiyipic.com/image/20230629/12/ef/v_50287914_m_601_m12.webp,https://www.iqiyi.com/v_19rrjt06tg.html
非常嫌疑犯,8.8,https://pic5.iqiyipic.com/image/20231110/95/d7/v_50113202_m_601_m14.webp,https://www.iqiyi.com/v_19rrk3tu90.html
星球大战,8.8,https://pic5.iqiyipic.com/image/20231122/23/fe/v_112857912_m_601_m7.webp,https://www.iqiyi.com/v_19rr7qmvac.html
小妇人（1994）,8.8,https://pic5.iqiyipic.com/image/20231109/71/90/v_110431990_m_601_m10.webp,https://www.iqiyi.com/v_19rrlsdla8.html
风中的火焰,,http://pic1.iqiyipic.com/image/20241226/19/29/v_179275018_m_601.webp,http://www.iqiyi.com/v_56a9bc824!.html
冬至,8.3,http://pic8.iqiyipic.com/image/20241220/37/d9/v_179209610_m_601.webp,http://www.iqiyi.com/v_a4b2a26c7!.html
头脑特工队,8.8,https://pic7.iqiyipic.com/image/20231109/d6/3f/v_109797870_m_601_m14.webp,https://www.iqiyi.com/v_19rrk9svco.html
冬至,8.3,http://pic7.iqiyipic.com/image/20241220/a5/5a/v_179213139_m_601.webp,http://www.iqiyi.com/v_469474287!.html
棒！少年,8.8,https://pic8.iqiyipic.com/image/20230630/80/59/v_155037592_m_601_m6.webp,https://www.iqiyi.com/v_21qpuwqny8o.html
一伞烟雨,,http://pic0.iqiyipic.com/image/20241216/4c/8b/v_179176864_m_601_m1.webp,http://www.iqiyi.com/v_70f4cc484!.html
一伞烟雨,,http://pic4.iqiyipic.com/image/20241216/e7/03/v_179176859_m_601_m1.webp,http://www.iqiyi.com/v_74810cb17!.html
花束般的恋爱,8.8,https://pic3.iqiyipic.com/image/20231110/93/ec/v_161411176_m_601_m6.webp,https://www.iqiyi.com/v_1gq89cnntck.html
奥本海默,9.0,https://pic9.iqiyipic.com/image/20231227/65/cf/v_172543073_m_601_m4.webp,https://www.iqiyi.com/v_26x0eansnvs.html
蜘蛛侠：平行宇宙（普通话）,9.0,https://pic4.iqiyipic.com/image/20231110/45/d2/v_127087819_m_601_m6.webp,https://www.iqiyi.com/v_19rshns26c.html
九品芝麻官（粤语）,9.0,https://pic1.iqiyipic.com/image/20231110/ed/cc/v_50064070_m_601_m11.webp,https://www.iqiyi.com/v_19rrjd3p2s.html
跳出我天地,9.0,https://pic3.iqiyipic.com/image/20220821/4d/b8/v_109866996_m_601_m9.webp,https://www.iqiyi.com/v_19rrkgf2m4.html
大卫·戈尔的一生,8.8,https://pic2.iqiyipic.com/image/20231109/03/73/v_106577056_m_601_m18.webp,https://www.iqiyi.com/v_19rrhy4w5g.html
谍影重重2,8.8,https://pic4.iqiyipic.com/image/20231110/4f/27/v_106334811_m_601_m17.webp,https://www.iqiyi.com/v_19rri0xcps.html
光荣之路（1957）,8.8,https://pic0.iqiyipic.com/image/20230629/b8/80/v_62646665_m_601_m11.webp,https://www.iqiyi.com/v_19rrho9dyg.html
三毛流浪记（1958）,8.8,https://pic6.iqiyipic.com/image/20231110/3e/7d/v_137515713_m_601_m8.webp,https://www.iqiyi.com/v_19ruewc108.html
万物理论,8.8,https://pic8.iqiyipic.com/image/20230629/32/cb/v_108729459_m_601_m11.webp,https://www.iqiyi.com/v_19rrn9scf0.html
阿飞正传,8.8,https://pic2.iqiyipic.com/image/20230629/a9/18/v_50062592_m_601_m16.webp,https://www.iqiyi.com/v_19rrjd2ne4.html
误杀瞒天记（普通话）,8.9,https://pic3.iqiyipic.com/image/20231110/9a/a7/v_167331281_m_601_m3.webp,https://www.iqiyi.com/v_1ljfohzf5m0.html
小萝莉的猴神大叔（普通话）,8.9,https://pic0.iqiyipic.com/image/20240228/45/01/v_169069541_m_601_m6.webp,https://www.iqiyi.com/v_19ykm1r0rfc.html
荒岛余生（普通话）,8.9,https://pic9.iqiyipic.com/image/20231110/74/9c/v_173174757_m_601_m6.webp,https://www.iqiyi.com/v_12l8txtmieo.html
银河护卫队3（普通话）,8.9,https://pic4.iqiyipic.com/image/20240424/19/9d/v_173323224_m_601_m4.webp,https://www.iqiyi.com/v_x5mka3jx88.html
燃情岁月（普通话）,8.9,https://pic1.iqiyipic.com/image/20231109/e2/3b/v_147696502_m_601_m9.webp,https://www.iqiyi.com/v_19rygwq26k.html
玩具总动员4（普通话）,8.9,https://pic4.iqiyipic.com/image/20241219/0c/ad/v_139327420_m_601_m13.webp,https://www.iqiyi.com/v_19rtw8espk.html
至暗时刻（普通话）,8.9,https://pic8.iqiyipic.com/image/20230803/46/c2/v_115048831_m_601_m9.webp,https://www.iqiyi.com/v_19rrboghss.html
小公主（普通话）,8.9,https://pic4.iqiyipic.com/image/20230629/3f/58/v_114388178_m_601_m11.webp,https://www.iqiyi.com/v_19rrf95dfs.html
玩具总动员3（普通话）,8.9,https://pic7.iqiyipic.com/image/20231110/f7/fa/v_110439176_m_601_m11.webp,https://www.iqiyi.com/v_19rrlhk7e8.html
桃姐（粤语）,8.9,https://pic7.iqiyipic.com/image/20220819/f2/38/v_50232855_m_601_m13.webp,https://www.iqiyi.com/v_19rrk5yjv4.html
阿郎的故事（粤语）,8.9,https://pic5.iqiyipic.com/image/20230629/14/2a/v_50138986_m_601_m7.webp,https://www.iqiyi.com/v_19rrk1ir2c.html
第二十条,8.8,https://pic7.iqiyipic.com/image/20240913/af/a1/v_175529001_m_601_m4.webp,https://www.iqiyi.com/v_1eje0frxfy4.html
飞驰人生2,8.8,https://pic7.iqiyipic.com/image/20240913/d9/29/v_175148226_m_601_m13.webp,https://www.iqiyi.com/v_1tdv2zyavtk.html
白月梵星,,http://pic3.iqiyipic.com/image/20250107/90/a6/v_179529366_m_601.webp,http://www.iqiyi.com/v_11734ab6f!.html
海蒂,8.8,https://pic0.iqiyipic.com/image/20231109/ed/46/v_112847981_m_601_m4.webp,https://www.iqiyi.com/v_19rr7r85wc.html
大桥下面,8.8,https://pic5.iqiyipic.com/image/20231109/5d/2b/v_108827848_m_601_m10.webp,https://www.iqiyi.com/v_19rrnz2x6g.html
我是刑警,9.2,http://pic6.iqiyipic.com/image/20241129/5a/a5/v_179046912_m_601_m1.webp,http://www.iqiyi.com/v_c6fb023e0!.html
三峡好人,8.8,https://pic2.iqiyipic.com/image/20230630/60/0f/v_62815894_m_601_m9.webp,https://www.iqiyi.com/v_19rrmy5his.html
彗星美人,8.8,https://pic0.iqiyipic.com/image/20231121/eb/8f/v_62646401_m_601_m9.webp,https://www.iqiyi.com/v_19rrho9uyw.html
黄飞鸿之二：男儿当自强,8.8,https://pic3.iqiyipic.com/image/20231109/1b/a4/v_119142893_m_601_m11.webp,https://www.iqiyi.com/v_19rr4zqw8c.html
爱猫之城,8.8,https://pic9.iqiyipic.com/image/20240918/11/f6/v_115506952_m_601_m16.webp,https://www.iqiyi.com/v_19rrc1fzig.html
疯狂原始人（普通话）,8.8,https://pic7.iqiyipic.com/image/20231110/1e/6d/v_62956239_m_601_m12.webp,https://www.iqiyi.com/v_19rrmq9meo.html
百万美元宝贝,8.8,https://pic9.iqiyipic.com/image/20241119/52/0f/v_106747935_m_601_m9.webp,https://www.iqiyi.com/v_19rrhw8yc4.html
回到未来3,8.8,https://pic7.iqiyipic.com/image/20230630/9e/55/v_106330388_m_601_m18.webp,https://www.iqiyi.com/v_19rri0wy0g.html
睡美人（1959）,8.8,https://pic2.iqiyipic.com/image/20231109/c9/e5/v_170802656_m_601_m4.webp,https://www.iqiyi.com/v_1ufzdwdb0yg.html
哈利·波特6：哈利·波特与混血王子（普通话）,8.8,https://pic9.iqiyipic.com/image/20230629/36/25/v_147803388_m_601_m9.webp,https://www.iqiyi.com/v_19ryijuqy0.html
哈利·波特7:死亡圣器(上)（普通话）,9.0,https://pic1.iqiyipic.com/image/20230628/5c/53/v_145804680_m_601_m10.webp,https://www.iqiyi.com/v_19rx5iltm8.html
我是刑警,9.2,http://pic6.iqiyipic.com/image/20241129/5a/a5/v_179046912_m_601_m1.webp,http://www.iqiyi.com/v_c6fb023e0!.html
白月梵星,,http://pic3.iqiyipic.com/image/20250107/90/a6/v_179529366_m_601.webp,http://www.iqiyi.com/v_11734ab6f!.html
冬至,8.3,http://pic7.iqiyipic.com/image/20241220/a5/5a/v_179213139_m_601.webp,http://www.iqiyi.com/v_469474287!.html
怪兽电力公司 （普通话）,9.0,https://pic3.iqiyipic.com/image/20231110/7d/41/v_62645061_m_601_m13.webp,https://www.iqiyi.com/v_19rrho715k.html
奇迹男孩（普通话）,9.0,https://pic7.iqiyipic.com/image/20241127/a0/3f/v_115050220_m_601_m12.webp,https://www.iqiyi.com/v_19rrbojj6o.html
超能陆战队（普通话）,9.0,https://pic2.iqiyipic.com/image/20231109/94/bc/v_109100598_m_601_m15.webp,https://www.iqiyi.com/v_19rrntrosc.html
一伞烟雨,,http://pic0.iqiyipic.com/image/20241216/4c/8b/v_179176864_m_601_m1.webp,http://www.iqiyi.com/v_70f4cc484!.html
禁闭岛（普通话）,9.0,https://pic7.iqiyipic.com/image/20230630/e5/4f/v_171463615_m_601_m4.webp,https://www.iqiyi.com/v_280cdvy3a74.html
人工智能（普通话）,9.0,https://pic5.iqiyipic.com/image/20230629/5c/e8/v_171526408_m_601_m3.webp,https://www.iqiyi.com/v_15j9lnzn7zc.html
狙击手,8.8,https://pic0.iqiyipic.com/image/20240905/61/d8/v_159539812_m_601_m8.webp,https://www.iqiyi.com/v_qfjajgrlvs.html
保你平安,8.8,https://pic4.iqiyipic.com/image/20231110/f4/be/v_171415361_m_601_m8.webp,https://www.iqiyi.com/v_1vgjcs0l0yo.html
三大队,8.8,https://pic9.iqiyipic.com/image/20241008/f1/87/v_173889530_m_601_m11.webp,https://www.iqiyi.com/v_27ut00lem5k.html
无名之辈,8.8,https://pic3.iqiyipic.com/image/20240905/5a/79/v_118937346_m_601_m23.webp,https://www.iqiyi.com/v_19rqzsstl4.html
美食总动员,8.8,https://pic1.iqiyipic.com/image/20231110/d6/02/v_50341333_m_601_m17.webp,https://www.iqiyi.com/v_19rrjpxwpk.html
监狱风云,8.8,https://pic6.iqiyipic.com/image/20231109/74/0a/v_119349297_m_601_m11.webp,https://www.iqiyi.com/v_19rr4y61ws.html
情书,8.8,https://pic0.iqiyipic.com/image/20241112/1b/5d/v_62645028_m_601_m8.webp,https://www.iqiyi.com/v_19rrho324c.html
八佰,8.8,https://pic0.iqiyipic.com/image/20240911/3b/62/v_112883426_m_601_m19.webp,https://www.iqiyi.com/v_19rr7plcfw.html
长津湖,8.8,https://pic6.iqiyipic.com/image/20241224/6c/5f/v_157645717_m_601_m16.webp,https://www.iqiyi.com/v_pzqg2653vk.html
头脑特工队（普通话）,8.8,https://pic1.iqiyipic.com/image/20231109/b8/3d/v_109737281_m_601_m10.webp,https://www.iqiyi.com/v_19rrkcy5es.html
布达佩斯大饭店,8.8,https://pic2.iqiyipic.com/image/20231110/a7/8f/v_106573805_m_601_m16.webp,https://www.iqiyi.com/v_19rrhxz45s.html
八恶人,8.8,https://pic2.iqiyipic.com/image/20231109/ac/e8/v_112868421_m_601_m8.webp,https://www.iqiyi.com/v_19rr7q0bwk.html
菊次郎的夏天,8.8,https://pic1.iqiyipic.com/image/20231110/c6/55/v_108771752_m_601_m18.webp,https://www.iqiyi.com/v_19rrn8d6vc.html
1917,8.8,https://pic2.iqiyipic.com/image/20231110/64/91/v_144127202_m_601_m13.webp,https://www.iqiyi.com/v_19rwbo7zfs.html
洗澡（独家修复版）,8.8,https://pic6.iqiyipic.com/image/20230629/08/97/v_146538420_m_601_m6.webp,https://www.iqiyi.com/v_19rx02uh70.html
速度与激情5（普通话）,8.8,https://pic7.iqiyipic.com/image/20230530/1c/c8/v_136648952_m_601_m10.webp,https://www.iqiyi.com/v_19rsxlo7y4.html
过昭关,8.8,https://pic1.iqiyipic.com/image/20240322/d7/d0/v_120026654_m_601_m18.webp,https://www.iqiyi.com/v_19rr615mgw.html
星球大战3：绝地归来,8.8,https://pic8.iqiyipic.com/image/20230629/8f/98/v_112857582_m_601_m6.webp,https://www.iqiyi.com/v_19rr7qm5tw.html
祝福,8.8,https://pic7.iqiyipic.com/image/20230629/d9/0f/v_108793514_m_601_m11.webp,https://www.iqiyi.com/v_19rrn6zuuk.html
木偶奇遇记（1940）,8.8,https://pic9.iqiyipic.com/image/20210916/4f/08/v_62647959_m_601_m7.webp,https://www.iqiyi.com/v_19rrhoc58w.html
外来书记,8.8,https://pic3.iqiyipic.com/image/20231110/a5/42/v_155583805_m_601_m6.webp,https://www.iqiyi.com/v_am1qv8ouq4.html
兵临城下（普通话）,8.8,https://pic9.iqiyipic.com/image/20210915/3f/31/v_123688448_m_601_m4.webp,https://www.iqiyi.com/v_19rqpwvxrk.html
茜茜公主2（普通话）,8.8,https://pic6.iqiyipic.com/image/20231110/52/02/v_115781534_m_601_m7.webp,https://www.iqiyi.com/v_19rrcyst1s.html
红猪（普通话）,9.0,https://pic9.iqiyipic.com/image/20240403/78/ae/v_174964542_m_601_m2.webp,https://www.iqiyi.com/v_srnigt5qec.html
勇敢的心（普通话）,9.0,https://pic0.iqiyipic.com/image/20231110/f7/6a/v_147692279_m_601_m10.webp,https://www.iqiyi.com/v_19rygyn3mo.html
复仇者联盟4：终局之战（普通话）,9.0,https://pic7.iqiyipic.com/image/20231110/37/07/v_136038733_m_601_m16.webp,https://www.iqiyi.com/v_19rt88sfpk.html
头号玩家（普通话）,9.0,https://pic3.iqiyipic.com/image/20231109/27/02/v_117196650_m_601_m9.webp,https://www.iqiyi.com/v_19rr1i9r6s.html
东邪西毒：终极版,9.0,https://pic3.iqiyipic.com/image/20231127/b5/ed/v_62815967_m_601_m17.webp,https://www.iqiyi.com/v_19rrmy5bow.html
我们一起摇太阳,8.9,https://pic5.iqiyipic.com/image/20240913/99/5a/v_172947570_m_601_m7.webp,https://www.iqiyi.com/v_1suqv77p1bw.html
风中的火焰,,http://pic1.iqiyipic.com/image/20241226/19/29/v_179275018_m_601.webp,http://www.iqiyi.com/v_56a9bc824!.html
湄公河行动,8.9,https://pic3.iqiyipic.com/image/20240905/a7/9d/v_111214615_m_601_m16.webp,https://www.iqiyi.com/v_19rr96agog.html
致命ID,8.9,https://pic1.iqiyipic.com/image/20231110/ad/66/v_50122222_m_601_m14.webp,https://www.iqiyi.com/v_19rrk30rh0.html
白月梵星,,http://pic0.iqiyipic.com/image/20250107/6d/b4/v_179529347_m_601.webp,http://www.iqiyi.com/v_64efe1e6d!.html
敦刻尔克,8.8,https://pic2.iqiyipic.com/image/20241012/27/64/v_112873034_m_601_m12.webp,https://www.iqiyi.com/v_19rr7q7dck.html
白日梦想家,8.8,https://pic0.iqiyipic.com/image/20231110/10/f1/v_62651571_m_601_m17.webp,https://www.iqiyi.com/v_19rrhoh4sg.html
妈妈再爱我一次,8.8,https://pic3.iqiyipic.com/image/20231109/15/09/v_62645733_m_601_m13.webp,https://www.iqiyi.com/v_19rrho5o9k.html
卡特教练,8.8,https://pic9.iqiyipic.com/image/20230629/a7/61/v_50124093_m_601_m10.webp,https://www.iqiyi.com/v_19rrk37whk.html
家有喜事（粤语）,8.8,https://pic7.iqiyipic.com/image/20231109/e0/ba/v_50044821_m_601_m15.webp,https://www.iqiyi.com/v_19rrjd7108.html
头脑特工队2,8.8,https://pic4.iqiyipic.com/image/20240930/6d/e7/v_176788730_m_601_m5.webp,https://www.iqiyi.com/v_1hb58vkafeg.html
头脑特工队2（普通话）,8.8,https://pic5.iqiyipic.com/image/20240930/c0/ef/v_178087876_m_601_m2.webp,https://www.iqiyi.com/v_1ex9nkxntck.html
1917（普通话）,8.8,https://pic6.iqiyipic.com/image/20231110/08/ea/v_153492371_m_601_m6.webp,https://www.iqiyi.com/v_v0d2oz8yl8.html
星球大战前传3：西斯的复仇（普通话）,8.8,https://pic1.iqiyipic.com/image/20230630/d6/31/v_149934675_m_601_m7.webp,https://www.iqiyi.com/v_19rxtp46o8.html
茜茜公主3:皇后的命运,8.8,https://pic3.iqiyipic.com/image/20230630/e3/22/v_145368041_m_601_m6.webp,https://www.iqiyi.com/v_19rxk1txfc.html
爱猫之城（普通话）,8.8,https://pic5.iqiyipic.com/image/20230629/af/64/v_120194865_m_601_m10.webp,https://www.iqiyi.com/v_19rr6v3qzk.html
复仇者联盟（普通话）,8.8,https://pic6.iqiyipic.com/image/20231113/f6/18/v_112848919_m_601_m9.webp,https://www.iqiyi.com/v_19rr7raggo.html
神偷奶爸（普通话）,8.8,https://pic1.iqiyipic.com/image/20231109/81/b7/v_112846059_m_601_m7.webp,https://www.iqiyi.com/v_19rr7r6h3o.html
哈利·波特5:凤凰社,8.8,https://pic4.iqiyipic.com/image/20231109/a7/ff/v_50076801_m_601_m17.webp,https://www.iqiyi.com/v_19rrjbevew.html
乔乔的异想世界（普通话）,8.8,https://pic6.iqiyipic.com/image/20230630/f7/d1/v_167352056_m_601_m3.webp,https://www.iqiyi.com/v_1w8lx85bbjs.html
洛奇（普通话）,8.8,https://pic7.iqiyipic.com/image/20230629/33/d0/v_164198096_m_601_m1.webp,https://www.iqiyi.com/v_1s5482s2l1s.html
唐顿庄园2（普通话）,8.8,https://pic1.iqiyipic.com/image/20230726/10/7f/v_167942740_m_601_m4.webp,https://www.iqiyi.com/v_1oxx8yiz2rw.html
星球大战3：绝地归来（普通话）,8.8,https://pic9.iqiyipic.com/image/20230629/24/90/v_150003030_m_601_m5.webp,https://www.iqiyi.com/v_19rxr3n35w.html
星球大战前传3：西斯的复仇,8.8,https://pic6.iqiyipic.com/image/20231110/41/5d/v_149934726_m_601_m10.webp,https://www.iqiyi.com/v_19rxtp2r2s.html
黑鹰坠落（普通话）,8.8,https://pic4.iqiyipic.com/image/20231109/16/aa/v_148254610_m_601_m9.webp,https://www.iqiyi.com/v_19rybwo2ck.html
荒岛余生,8.9,https://pic5.iqiyipic.com/image/20231110/9c/33/v_62645443_m_601_m11.webp,https://www.iqiyi.com/v_19rrho7iv4.html
怪兽电力公司,8.9,https://pic8.iqiyipic.com/image/20231109/50/1c/v_106257538_m_601_m18.webp,https://www.iqiyi.com/v_19rrhrzbdo.html
银河护卫队3,8.9,https://pic8.iqiyipic.com/image/20240424/c5/75/v_134156845_m_601_m10.webp,https://www.iqiyi.com/v_19rs2i06s0.html
误杀瞒天记,8.9,https://pic9.iqiyipic.com/image/20231110/5c/35/v_112872719_m_601_m6.webp,https://www.iqiyi.com/v_19rr7q6pls.html
霍比特人3：五军之战（普通话）,8.9,https://pic8.iqiyipic.com/image/20231109/3e/63/v_117798640_m_601_m10.webp,https://www.iqiyi.com/v_19rqylogzg.html
冬至,8.3,http://pic8.iqiyipic.com/image/20241220/37/d9/v_179209610_m_601.webp,http://www.iqiyi.com/v_a4b2a26c7!.html
赎罪   ,8.9,https://pic4.iqiyipic.com/image/20231110/56/2d/v_106349675_m_601_m19.webp,https://www.iqiyi.com/v_19rri0xy98.html
烈日灼心,8.9,https://pic2.iqiyipic.com/image/20231110/3a/11/v_109575112_m_601_m11.webp,https://www.iqiyi.com/v_19rrklv244.html
火星救援,8.9,https://pic1.iqiyipic.com/image/20231110/51/c3/v_110048891_m_601_m16.webp,https://www.iqiyi.com/v_19rrl9b2bs.html
少年的你,8.9,https://pic8.iqiyipic.com/image/20240911/af/89/v_117967187_m_601_m32.webp,https://www.iqiyi.com/v_19rqybn92k.html
无耻混蛋,8.9,https://pic2.iqiyipic.com/image/20231110/a8/78/v_106428220_m_601_m14.webp,https://www.iqiyi.com/v_19rri0as3c.html
一伞烟雨,,http://pic4.iqiyipic.com/image/20241216/e7/03/v_179176859_m_601_m1.webp,http://www.iqiyi.com/v_74810cb17!.html
蜡笔小新：新婚旅行风暴~夺回广志大作战~,8.9,https://pic4.iqiyipic.com/image/20240710/db/df/v_173166283_m_601_m8.webp,https://www.iqiyi.com/v_1ifw6x2ei8s.html
黄昏的清兵卫,8.9,https://pic1.iqiyipic.com/image/20241202/d3/b8/v_108907261_m_601_m3.webp,https://www.iqiyi.com/v_19rro4nqvg.html
至暗时刻,8.9,https://pic7.iqiyipic.com/image/20230803/aa/e3/v_112982573_m_601_m13.webp,https://www.iqiyi.com/v_19rr8cwkzo.html
夜未央,,http://pic4.iqiyipic.com/image/20241127/bc/c9/v_179035419_m_601_m1.webp,http://www.iqiyi.com/v_b24d120ba!.html
变形金刚,8.9,https://pic1.iqiyipic.com/image/20231109/0b/72/v_50112795_m_601_m15.webp,https://www.iqiyi.com/v_19rrk3p3ds.html
西游记之大圣归来,8.9,https://pic1.iqiyipic.com/image/20231109/3e/20/v_167557292_m_601_m4.webp,https://www.iqiyi.com/v_19vub7xdi4c.html
钢铁侠,8.9,https://pic0.iqiyipic.com/image/20231110/e8/93/v_50112497_m_601_m19.webp,https://www.iqiyi.com/v_19rrk3rbgo.html
消失的爱人,8.9,https://pic9.iqiyipic.com/image/20210916/90/ef/v_108959848_m_601_m10.webp,https://www.iqiyi.com/v_19rro18qig.html
无敌破坏王,8.9,https://pic8.iqiyipic.com/image/20231109/00/8d/v_62647440_m_601_m14.webp,https://www.iqiyi.com/v_19rrho8y7g.html
笑傲江湖2：东方不败,8.9,https://pic5.iqiyipic.com/image/20231109/19/5b/v_109275996_m_601_m13.webp,https://www.iqiyi.com/v_19rronmncs.html
我爱你！,8.9,https://pic3.iqiyipic.com/image/20241008/6b/36/v_172947671_m_601_m6.webp,https://www.iqiyi.com/v_10fpcpyy82s.html
极速车王,8.9,https://pic4.iqiyipic.com/image/20231109/39/65/v_144868178_m_601_m13.webp,https://www.iqiyi.com/v_19rvnfscf8.html
电话谋杀案,8.9,https://pic0.iqiyipic.com/image/20230628/8c/e9/v_110631874_m_601_m8.webp,https://www.iqiyi.com/v_19rrmb1s2s.html
青蛇,8.9,https://pic7.iqiyipic.com/image/20231110/3b/a8/v_62817462_m_601_m11.webp,https://www.iqiyi.com/v_19rrmy6f78.html
幸福终点站,8.9,https://pic5.iqiyipic.com/image/20210916/ec/43/v_109004422_m_601_m14.webp,https://www.iqiyi.com/v_19rrnpst1s.html
影子武士,8.9,https://pic0.iqiyipic.com/image/20230629/0a/5c/v_50138893_m_601_m14.webp,https://www.iqiyi.com/v_19rrk1iy9k.html
玩具总动员3,8.9,https://pic3.iqiyipic.com/image/20231110/54/c2/v_50345193_m_601_m20.webp,https://www.iqiyi.com/v_19rrjq686g.html
变脸,8.9,https://pic2.iqiyipic.com/image/20231110/70/d4/v_50077345_m_601_m20.webp,https://www.iqiyi.com/v_19rrjbdix4.html
网络谜踪,8.9,https://pic4.iqiyipic.com/image/20240923/f8/8f/v_116986433_m_601_m16.webp,https://www.iqiyi.com/v_19rr111fqs.html
永不妥协（2000）,8.9,https://pic7.iqiyipic.com/image/20231113/ba/23/v_50117501_m_601_m16.webp,https://www.iqiyi.com/v_19rrk2u43c.html
勇闯夺命岛,8.9,https://pic8.iqiyipic.com/image/20231109/ea/40/v_50075842_m_601_m16.webp,https://www.iqiyi.com/v_19rrjbb1gk.html
小萝莉的猴神大叔,8.9,https://pic0.iqiyipic.com/image/20240228/05/42/v_112872714_m_601_m10.webp,https://www.iqiyi.com/v_19rr7q6q0k.html
爱在午夜降临前,8.9,https://pic3.iqiyipic.com/image/20241120/87/d4/v_112870153_m_601_m9.webp,https://www.iqiyi.com/v_19rr7q29qg.html
被解救的姜戈,8.9,https://pic6.iqiyipic.com/image/20231113/63/22/v_50625821_m_601_m18.webp,https://www.iqiyi.com/v_19rrfxajzs.html
百鸟朝凤（无障碍解说版）,8.9,https://pic5.iqiyipic.com/image/20230629/1a/62/v_150174837_m_601_m10.webp,https://www.iqiyi.com/v_19rzfnwk48.html
遗愿清单,8.9,https://pic6.iqiyipic.com/image/20231109/2e/9f/v_50074203_m_601_m11.webp,https://www.iqiyi.com/v_19rrjcjae8.html
蝙蝠侠：黑暗骑士崛起,8.9,https://pic6.iqiyipic.com/image/20231110/67/2d/v_111391016_m_601_m10.webp,https://www.iqiyi.com/v_19rra0ffm8.html
神偷奶爸,8.9,https://pic0.iqiyipic.com/image/20231109/63/7a/v_106427218_m_601_m14.webp,https://www.iqiyi.com/v_19rri0b9eg.html
牧笛,8.9,https://pic6.iqiyipic.com/image/20230629/da/9b/v_109673551_m_601_m8.webp,https://www.iqiyi.com/v_19rrkq4p34.html
谍影重重3,8.9,https://pic8.iqiyipic.com/image/20231109/a8/5e/v_106335599_m_601_m16.webp,https://www.iqiyi.com/v_19rri0x3r0.html
喋血双雄,8.9,https://pic8.iqiyipic.com/image/20231110/cb/74/v_112854259_m_601_m9.webp,https://www.iqiyi.com/v_19rr7qcldo.html
街头日记,8.9,https://pic3.iqiyipic.com/image/20230628/40/e2/v_50112652_m_601_m10.webp,https://www.iqiyi.com/v_19rrk3phlo.html
玩具总动员4,8.9,https://pic6.iqiyipic.com/image/20241219/04/63/v_112865563_m_601_m17.webp,https://www.iqiyi.com/v_19rr7pvcj8.html
秋天的童话,8.9,https://pic5.iqiyipic.com/image/20230629/47/d6/v_50073245_m_601_m11.webp,https://www.iqiyi.com/v_19rrjceeuw.html
再见我们的幼儿园,8.9,https://pic4.iqiyipic.com/image/20231110/ba/ff/v_170634374_m_601_m3.webp,https://www.iqiyi.com/v_1sf7ttax4bw.html
胭脂扣,8.9,https://pic5.iqiyipic.com/image/20230628/9d/a7/v_50073845_m_601_m11.webp,https://www.iqiyi.com/v_19rrjcep94.html
困在时间里的父亲,8.9,https://pic0.iqiyipic.com/image/20240929/6d/db/v_158845125_m_601_m10.webp,https://www.iqiyi.com/v_1zj5sr6d3o0.html
血钻（普通话）,8.8,https://pic9.iqiyipic.com/image/20220823/2d/37/v_147116079_m_601_m7.webp,https://www.iqiyi.com/v_19rwrua6bg.html
冬至,8.3,http://pic8.iqiyipic.com/image/20241220/37/d9/v_179209610_m_601.webp,http://www.iqiyi.com/v_a4b2a26c7!.html
夜未央,,http://pic4.iqiyipic.com/image/20241127/bc/c9/v_179035419_m_601_m1.webp,http://www.iqiyi.com/v_b24d120ba!.html
哈利·波特5:凤凰社(普通话),8.8,https://pic4.iqiyipic.com/image/20231109/1d/7e/v_145795604_m_601_m9.webp,https://www.iqiyi.com/v_19rx4t4e0c.html
铁甲钢拳（普通话）,8.8,https://pic2.iqiyipic.com/image/20231109/b3/01/v_142780494_m_601_m4.webp,https://www.iqiyi.com/v_19ruum5wzk.html
冬至,8.3,http://pic7.iqiyipic.com/image/20241220/a5/5a/v_179213139_m_601.webp,http://www.iqiyi.com/v_469474287!.html
白月梵星,,http://pic3.iqiyipic.com/image/20250107/90/a6/v_179529366_m_601.webp,http://www.iqiyi.com/v_11734ab6f!.html
萨利机长（普通话）,8.8,https://pic1.iqiyipic.com/image/20231110/62/3b/v_114784692_m_601_m9.webp,https://www.iqiyi.com/v_19rrfowvh8.html
赌神（粤语）,8.8,https://pic1.iqiyipic.com/image/20231109/6f/da/v_112883933_m_601_m8.webp,https://www.iqiyi.com/v_19rr7ofkpw.html
美食总动员（普通话）,8.8,https://pic9.iqiyipic.com/image/20231110/79/87/v_110432047_m_601_m10.webp,https://www.iqiyi.com/v_19rrlsddbw.html
一伞烟雨,,http://pic4.iqiyipic.com/image/20241216/e7/03/v_179176859_m_601_m1.webp,http://www.iqiyi.com/v_74810cb17!.html
海底总动员 （普通话）,8.8,https://pic4.iqiyipic.com/image/20231110/6d/70/v_62816941_m_601_m15.webp,https://www.iqiyi.com/v_19rrmy7da0.html
一江春水向东流之天亮前后（独家修复版）,8.8,https://pic1.iqiyipic.com/image/20230926/c7/fc/v_62647407_m_601_m16.webp,https://www.iqiyi.com/v_19rrho973k.html
寿司之神,8.8,https://pic1.iqiyipic.com/image/20230629/37/39/v_62646824_m_601_m5.webp,https://www.iqiyi.com/v_19rrhoag98.html
风中的火焰,,http://pic1.iqiyipic.com/image/20241226/19/29/v_179275018_m_601.webp,http://www.iqiyi.com/v_56a9bc824!.html
白月梵星,,http://pic0.iqiyipic.com/image/20250107/6d/b4/v_179529347_m_601.webp,http://www.iqiyi.com/v_64efe1e6d!.html
十月的天空,8.8,https://pic9.iqiyipic.com/image/20230629/10/e2/v_62646127_m_601_m10.webp,https://www.iqiyi.com/v_19rrho659s.html
虎兄虎弟,8.8,https://pic7.iqiyipic.com/image/20210916/04/c5/v_62644831_m_601_m8.webp,https://www.iqiyi.com/v_19rrho3e5s.html
阿飞正传（粤语）,8.8,https://pic4.iqiyipic.com/image/20200901/3a/0c/v_103860038_m_601_m7.webp,https://www.iqiyi.com/v_19rrhgemss.html
变形金刚：起源,8.7,https://pic4.iqiyipic.com/image/20250109/a5/64/v_178251610_m_601_m2.webp,https://www.iqiyi.com/v_16bb1hgbs04.html
走走停停,8.7,https://pic9.iqiyipic.com/image/20240913/fd/63/v_176458760_m_601_m5.webp,https://www.iqiyi.com/v_287mw3gfpdo.html
周处除三害,8.7,https://pic2.iqiyipic.com/image/20240913/05/31/v_175558857_m_601_m4.webp,https://www.iqiyi.com/v_p85kci5ze8.html
乘船而去 ,8.7,https://pic8.iqiyipic.com/image/20240909/04/2b/v_178131352_m_601_m1.webp,https://www.iqiyi.com/v_jh531816c4.html
一伞烟雨,,http://pic0.iqiyipic.com/image/20241216/4c/8b/v_179176864_m_601_m1.webp,http://www.iqiyi.com/v_70f4cc484!.html
目中无人：以眼还眼,8.7,https://pic7.iqiyipic.com/image/20241009/e5/f4/v_175216239_m_601_m16.webp,https://www.iqiyi.com/v_19jdnkawgic.html
第九区,8.7,https://pic2.iqiyipic.com/image/20231110/c4/c0/v_50757988_m_601_m15.webp,https://www.iqiyi.com/v_19rrfytmgs.html
万里归途,8.7,https://pic8.iqiyipic.com/image/20240911/f9/56/v_169146985_m_601_m9.webp,https://www.iqiyi.com/v_25rm6a57lvo.html
后天,8.7,https://pic5.iqiyipic.com/image/20231109/25/9b/v_50151136_m_601_m15.webp,https://www.iqiyi.com/v_19rrk0zjvw.html
小鬼当家,8.7,https://pic8.iqiyipic.com/image/20231109/b7/3a/v_50137979_m_601_m13.webp,https://www.iqiyi.com/v_19rrk2pk2o.html
孤胆特工,8.7,https://pic4.iqiyipic.com/image/20231109/a6/7a/v_62645521_m_601_m11.webp,https://www.iqiyi.com/v_19rrho7miw.html
坠落的审判,8.7,https://pic7.iqiyipic.com/image/20240628/9e/8c/v_175559033_m_601_m4.webp,https://www.iqiyi.com/v_fegk9ecxgo.html
树上有个好地方,8.7,https://pic6.iqiyipic.com/image/20231109/fb/fd/v_152480544_m_601_m12.webp,https://www.iqiyi.com/v_1eltvyk70po.html
间谍之桥,8.7,https://pic6.iqiyipic.com/image/20231113/ac/75/v_110222661_m_601_m16.webp,https://www.iqiyi.com/v_19rrl097d4.html
孤儿怨,8.7,https://pic8.iqiyipic.com/image/20231113/c6/fb/v_111643739_m_601_m13.webp,https://www.iqiyi.com/v_19rr9w9ry8.html
毒舌律师（粤语）,8.7,https://pic5.iqiyipic.com/image/20231110/fb/4f/v_173007718_m_601_m5.webp,https://www.iqiyi.com/v_14m150yifqs.html
我是刑警,9.2,http://pic6.iqiyipic.com/image/20241129/5a/a5/v_179046912_m_601_m1.webp,http://www.iqiyi.com/v_c6fb023e0!.html
蜡笔小新：我的搬家物语 仙人掌大袭击,8.7,https://pic1.iqiyipic.com/image/20240710/0f/92/v_112873330_m_601_m7.webp,https://www.iqiyi.com/v_19rr7p26fs.html
疯狂的石头,8.7,https://pic9.iqiyipic.com/image/20231109/bc/d7/v_62817361_m_601_m9.webp,https://www.iqiyi.com/v_19rrmy7yko.html
枪王,8.7,https://pic0.iqiyipic.com/image/20231109/e3/b7/v_50005748_m_601_m15.webp,https://www.iqiyi.com/v_19rrj5ymrg.html
精英部队2：大敌当前（普通话）,8.7,https://pic8.iqiyipic.com/image/20240521/21/2e/v_50166959_m_601_m13.webp,https://www.iqiyi.com/v_19rrk0sbzk.html
八角笼中,8.7,https://pic2.iqiyipic.com/image/20231110/40/0d/v_172255827_m_601_m10.webp,https://www.iqiyi.com/v_21cj4qlmmy4.html
小妇人,8.7,https://pic0.iqiyipic.com/image/20240206/cc/a6/v_123087158_m_601_m21.webp,https://www.iqiyi.com/v_19rqpjjmkw.html
一九四二,8.7,https://pic9.iqiyipic.com/image/20231110/b7/59/v_50377451_m_601_m16.webp,https://www.iqiyi.com/v_19rrjy8xsw.html
失控玩家,8.7,https://pic8.iqiyipic.com/image/20240301/d6/e5/v_161582330_m_601_m13.webp,https://www.iqiyi.com/v_15iqbuevaek.html
奇迹·笨小孩,8.7,https://pic4.iqiyipic.com/image/20240906/d0/35/v_163054835_m_601_m7.webp,https://www.iqiyi.com/v_230c1yg1uzo.html
无双,8.7,https://pic7.iqiyipic.com/image/20240911/1c/55/v_116163725_m_601_m21.webp,https://www.iqiyi.com/v_19rrdgdwpg.html
明日边缘,8.7,https://pic1.iqiyipic.com/image/20231113/30/75/v_111347364_m_601_m14.webp,https://www.iqiyi.com/v_19rra2t2os.html
武状元苏乞儿,8.7,https://pic4.iqiyipic.com/image/20231110/5a/4d/v_50089302_m_601_m16.webp,https://www.iqiyi.com/v_19rrjaux6c.html
白雪公主和七个小矮人,8.7,https://pic5.iqiyipic.com/image/20231109/db/25/v_151176988_m_601_m6.webp,https://www.iqiyi.com/v_g691aob1hk.html
射雕英雄传之东成西就,8.7,https://pic9.iqiyipic.com/image/20241014/e6/a4/v_112846088_m_601_m7.webp,https://www.iqiyi.com/v_19rr7r6i2s.html
一代宗师,8.7,https://pic5.iqiyipic.com/image/20231124/05/58/v_110399339_m_601_m14.webp,https://www.iqiyi.com/v_19rrluewjk.html
人生 ,8.7,https://pic8.iqiyipic.com/image/20231109/ab/39/v_154235104_m_601_m4.webp,https://www.iqiyi.com/v_1jxw8hmun64.html
人生大事,8.7,https://pic5.iqiyipic.com/image/20231109/ed/62/v_160647682_m_601_m7.webp,https://www.iqiyi.com/v_jbwt4io97s.html
我的野蛮女友,8.7,https://pic4.iqiyipic.com/image/20231109/b4/46/v_105690792_m_601_m12.webp,https://www.iqiyi.com/v_19rrhv8o84.html
航海王：红发歌姬（普通话）,8.7,https://pic6.iqiyipic.com/image/20231109/a6/31/v_172399822_m_601_m4.webp,https://www.iqiyi.com/v_jrtu36pju0.html
芭比（普通话）,8.7,https://pic5.iqiyipic.com/image/20231109/79/b5/v_173442012_m_601_m4.webp,https://www.iqiyi.com/v_zxak1w339o.html
昆虫总动员2-来自远方的后援军,8.7,https://pic6.iqiyipic.com/image/20231113/36/f3/v_131893817_m_601_m14.webp,https://www.iqiyi.com/v_19rse415ko.html
盗火线,8.7,https://pic6.iqiyipic.com/image/20241017/13/7c/v_112855647_m_601_m1.webp,https://www.iqiyi.com/v_19rr7qf8mo.html
华尔街之狼,8.7,https://pic2.iqiyipic.com/image/20231110/07/b7/v_112846100_m_601_m8.webp,https://www.iqiyi.com/v_19rr7r6k9c.html
最后的假期,8.7,https://pic2.iqiyipic.com/image/20231109/99/b7/v_109004702_m_601_m9.webp,https://www.iqiyi.com/v_19rrnptj3g.html
机械公敌,8.7,https://pic1.iqiyipic.com/image/20231109/5e/9a/v_50139871_m_601_m12.webp,https://www.iqiyi.com/v_19rrk1nshc.html
珍珠港,8.7,https://pic9.iqiyipic.com/image/20231109/3e/92/v_50073818_m_601_m15.webp,https://www.iqiyi.com/v_19rrjcel6s.html
雪路,8.7,https://pic3.iqiyipic.com/image/20231110/14/51/v_110999906_m_601_m13.webp,https://www.iqiyi.com/v_19rr9j103w.html
长津湖之水门桥,8.7,https://pic1.iqiyipic.com/image/20240911/3e/09/v_164361913_m_601_m8.webp,https://www.iqiyi.com/v_265kuc1ijco.html
生化危机,8.7,https://pic0.iqiyipic.com/image/20231110/13/e0/v_50112213_m_601_m15.webp,https://www.iqiyi.com/v_19rrk3rr2w.html
小鬼当家2,8.7,https://pic3.iqiyipic.com/image/20241226/fc/ab/v_105735153_m_601_m23.webp,https://www.iqiyi.com/v_19rrhu8gjg.html
王牌特工：特工学院,8.7,https://pic2.iqiyipic.com/image/20231113/2e/5e/v_109161809_m_601_m16.webp,https://www.iqiyi.com/v_19rrnqzc4g.html
集结号,8.7,https://pic4.iqiyipic.com/image/20210916/61/78/v_50002240_m_601_m15.webp,https://www.iqiyi.com/v_19rrj5qsbw.html
解救吾先生,8.7,https://pic9.iqiyipic.com/image/20231109/a8/12/v_109671404_m_601_m18.webp,https://www.iqiyi.com/v_19rrkq2ea0.html
