badge,cover_url,title
1,https://pic.qtfm.cn/channel/2023/04/27/c2a222cf819e65d04eb7c29332259415.jpg,上门龙婿|至尊龙婿叶辰
badge,cover_url,title
2,https://pic.qtfm.cn/channel/2023/04/27/8deda6e2dc63e0f7b15df1b061d11fd7.jpg,鬼吹灯全集【周建龙演播】（重磅回归！）
badge,cover_url,title
3,https://pic.qtfm.cn/channel/2023/04/27/7e934b8980b19b36a6371388d4d487b3.jpg,北派盗墓笔记
badge,cover_url,title
4,https://pic.qtfm.cn/channel/2023/04/27/139c3df542faa6a88ca2d228ef7bf668.jpg,茅山后裔（6部完整版）
badge,cover_url,title
5,https://pic.qtfm.cn/channel/2022/01/18/b839d3a7848a3970adee396f93fcdb33.png,万相之王 | 独家多播精品版 | 天蚕土豆作品
badge,cover_url,title
6,https://pic.qtfm.cn/channellist/2024/11/28/a679ddf760d588d252e77658f4894993.jpg,《冯唐讲〈资治通鉴〉》会员节目
badge,cover_url,title
7,https://upload-up.qtfm.cn/device/46caa0a294ce4d33a311b4f1db6ce0e1/1553566929128_XUusAiGbw.jpeg,心有千千结，宏瑞帮你解
badge,cover_url,title
8,https://pic.qtfm.cn/channel/2021/08/12/76ae7d58d38e967063bfc592b510c8d0.jpg,矮大紧指北
badge,cover_url,title
9,https://pic.qtfm.cn/device/b496064a28ab42509dddccb50c86e4a9/1721621148218_5mXAw7jSK.jpg,|四川刘汉“社会大哥”|老王故事会
badge,cover_url,title
10,https://pic.qtfm.cn/channel/2023/04/27/208218c2a4d8f7efe8ad1f6209827eb9.jpg,吞噬星空 | 我吃西红柿
badge,cover_url,title
11,https://pic.qtfm.cn/channel/2023/04/27/a3de282181de8740b8626842fb90eb6f.jpg,三体|影视原著，刘慈欣作品
badge,cover_url,title
12,https://pic.qtfm.cn/channel/2020/12/31/c8788594931f7f49dd4a8465e33d7f9c.jpg,晓年鉴
badge,cover_url,title
13,https://pic.qtfm.cn/device/e89cb902c6c9473585aee933f5c0e0d9/1684223844710_eLtj-utLG.jpg,坏蛋是怎样炼成的|一、二、三部完整版合集
badge,cover_url,title
14,https://pic.qtfm.cn/device/61873e3750b64d97ba6e90992c010fa8/1726812772300_OVHAFg2gc.jpg,吞噬星空2起源大陆
badge,cover_url,title
15,https://pic.qtfm.cn/device/ea3fbbdf521348eebb3a22766f9ebf5e/1672121877436_5bIwrRJWG.jpg,749局绝密档案
badge,cover_url,title
16,https://pic.qtfm.cn/channel/2023/04/27/e5b1d5af1c33dc584c4408817d8d7899.jpg,权术之王
badge,cover_url,title
17,https://pic.qtfm.cn/channel/2021/12/27/2fdbfffaf8ecb3482b3a0e13564899fe.jpg,特种兵王在山村
badge,cover_url,title
18,https://pic.qtfm.cn/device/c222ae2e1c33492ea8a41a53050b3705/1702361897879_Edw2tsEg9.jpg,陈楚歌进步记
badge,cover_url,title
19,https://pic.qtfm.cn/device/ea3fbbdf521348eebb3a22766f9ebf5e/1712650988096_q2gT7FJm5.jpg,东北往事：黑道风云二十年（合集完整版）
badge,cover_url,title
20,https://pic.qtfm.cn/device/ea3fbbdf521348eebb3a22766f9ebf5e/1729158655999_PcBjvLh8S.jpg,鬼点灯后传【周建龙演播】
badge,cover_url,title
21,https://pic.qtfm.cn/device/e21670681e2b4da984feace52093061d/1730103001209_2X-qKcAvc.jpg,风流村医陈二狗丨乡村丨神医丨爽文
badge,cover_url,title
22,https://pic.qtfm.cn/channel/2023/04/27/657f52a8076eec5fdd831cf9d59afbc3.jpg,权力巅峰
badge,cover_url,title
23,https://pic.qtfm.cn/channel/2018/12/05/61bd550ccf29c6bf7b5476db7dee7566.jpg,道士不好惹
badge,cover_url,title
24,https://pic.qtfm.cn/device/743feec6b96742d4aa68baea4626a404/1641972706982_m8iJ_fFYx.jpg,《元尊》多人剧丨天蚕土豆玄幻大作|日更2
badge,cover_url,title
25,https://pic.qtfm.cn/channel/2022/05/07/092117e7743ab5940168e3ecd7cb7cf8.jpg,刘学新说聊斋
badge,cover_url,title
26,https://pic.qtfm.cn/channel/2023/04/27/d8a0bd10d37ed330602d2be34c744d59.jpg,修罗武神
badge,cover_url,title
27,https://pic.qtfm.cn/device/68fc3901a77e471caee8d181147e5b2e/1721814848955_JPIvP3_Ul.jpg,权欲：救了女领导后，我一路高升
badge,cover_url,title
28,https://pic.qtfm.cn/channel/2021/10/22/0c0e93c5e4c88bc393423a43e83a444e.jpg,万相之王 | 单播版|天蚕土豆作品
badge,cover_url,title
29,https://pic.qtfm.cn/device/2ef6a70cd1b1462192d1cb2626eed0b7/1675665340893_nxZeGVwr9.jpg,直上青云（原名：王牌隐士）
badge,cover_url,title
30,https://pic.qtfm.cn/device/78a321ae93f24712b6d11a6bc278cbf9/1708571933805_SkK3y7yBb.png,《青岛江湖往事-聂磊传奇》
