title,image_url
<strong>二次元</strong>头像模板大全96来啦!,"https://img2.baidu.com/it/u=3522330510,4194728477&fm=253&fmt=auto&app=120&f=JPEG?w=800&h=800"
"抖音热门<strong>二次元</strong>情侣头像大全:一键解决情侣头像需求,打造专属情侣风格","https://img1.baidu.com/it/u=2892303810,3833194545&fm=253&fmt=auto&app=138&f=JPEG?w=622&h=500"
<strong>二次元</strong>头像模板大全96来啦!,"https://img0.baidu.com/it/u=2606653967,795780507&fm=253&fmt=auto&app=120&f=JPEG?w=800&h=800"
<strong>二次元</strong>头像模板大全96来啦!,"https://img0.baidu.com/it/u=3945796081,1721084363&fm=253&fmt=auto&app=120&f=JPEG?w=800&h=800"
盘点浪漫的<strong>二次元</strong>恋爱养成类游戏合集 好玩的恋爱游戏大全2024,
日本游戏<strong>二次元</strong>手游排行榜 2024可玩性高的日系二次元手游大全,
<strong>二次元</strong>头像模板大全96来啦!,"https://img2.baidu.com/it/u=1518063935,2774216814&fm=253&fmt=auto&app=120&f=JPEG?w=800&h=800"
cos #<strong>二次元</strong> #甘雨 ヽ(*07з0*)17 - 抖音,"https://img0.baidu.com/it/u=3119974333,3628698925&fm=253&fmt=auto&app=138&f=JPEG?w=800&h=1422"
日本游戏<strong>二次元</strong>手游排行榜 2024可玩性高的日系二次元手游大全,
<strong>二次元</strong>游戏分享手机手游下载介绍2024 优质的二次元游戏大全,
<strong>二次元</strong>美女合集动漫高清壁纸二次元女二次元美女超清图片大全,"https://img2.baidu.com/it/u=358886985,404017982&fm=253&fmt=auto&app=138&f=JPEG?w=500&h=788"
<strong>二次元</strong>美女合集动漫高清壁纸二次元女二次元美女超清图片大全,"https://img2.baidu.com/it/u=1905969,4217365094&fm=253&fmt=auto&app=138&f=JPEG?w=889&h=500"
日本<strong>二次元</strong>动漫图片大全99,"https://img0.baidu.com/it/u=1540665822,2923669172&fm=253&fmt=auto&app=138&f=JPEG?w=889&h=500"
<strong>二次元</strong>高清壁纸大全喜欢自取素质取图十三期,"https://img2.baidu.com/it/u=1546425977,3557114008&fm=253&fmt=auto&app=138&f=JPEG?w=832&h=500"
<strong>二次元</strong>美女合集动漫高清壁纸二次元女二次元美女超清图片大全,"https://img2.baidu.com/it/u=4038379815,535653905&fm=253&fmt=auto&app=138&f=JPEG?w=607&h=426"
<strong>二次元</strong>美女图集大全912,"https://img2.baidu.com/it/u=3193623275,447085267&fm=253&fmt=auto&app=138&f=JPEG?w=889&h=500"
<strong>二次元</strong>美女合集动漫高清壁纸二次元女二次元美女超清图片大全,"https://img1.baidu.com/it/u=303091055,2637529057&fm=253&fmt=auto&app=138&f=JPEG?w=500&h=754"
<strong>二次元</strong>美女合集动漫高清壁纸二次元女二次元美女超清图片大全,"https://img2.baidu.com/it/u=1209430534,4214433919&fm=253&fmt=auto&app=138&f=JPEG?w=500&h=889"
<strong>二次元</strong>动漫女生图片大全310,"https://img0.baidu.com/it/u=105980894,2691582600&fm=253&fmt=auto&app=138&f=JPEG?w=800&h=500"
<strong>二次元</strong>美女合集动漫高清壁纸二次元女二次元美女超清图片大全,"https://img2.baidu.com/it/u=3573215780,1955014760&fm=253&fmt=auto&app=138&f=JPEG?w=740&h=500"
<strong>二次元</strong>美女图集大全212,"https://img1.baidu.com/it/u=571570718,2467747598&fm=253&fmt=auto&app=138&f=JPEG?w=889&h=500"
<strong>二次元</strong>美女合集动漫高清壁纸二次元女二次元美女超清图片大全,"https://img0.baidu.com/it/u=990460172,3790072016&fm=253&fmt=auto&app=138&f=JPEG?w=500&h=821"
<strong>二次元</strong>美女合集动漫高清壁纸二次元女二次元美女超清图片大全,"https://img2.baidu.com/it/u=591430543,4243840375&fm=253&fmt=auto&app=138&f=JPEG?w=793&h=500"
日本<strong>二次元</strong>动漫图片大全69,"https://img1.baidu.com/it/u=2300221275,3330941755&fm=253&fmt=auto&app=138&f=JPG?w=889&h=500"
<strong>二次元</strong>动漫女生图片大全210,"https://img1.baidu.com/it/u=567303343,279956193&fm=253&fmt=auto&app=138&f=JPEG?w=500&h=313"
日本动漫<strong>二次元</strong>呆萌软妹子动漫美女图片大全桌面壁纸(1),"https://img0.baidu.com/it/u=759392094,1880359939&fm=253&fmt=auto&app=120&f=JPEG?w=1280&h=800"
日本<strong>二次元</strong>动漫图片大全29,"https://img1.baidu.com/it/u=1290239679,2356165739&fm=253&fmt=auto&app=138&f=JPEG?w=889&h=500"
"<strong>二次元</strong>动漫女生,图片大全,高清,图库-回车桌面","https://img1.baidu.com/it/u=2134375684,2178697827&fm=253&fmt=auto&app=120&f=JPEG?w=1024&h=734"
一组忒好看的<strong>二次元</strong>动漫头像大全_手机搜狐网,"https://img0.baidu.com/it/u=1339613009,3985861382&fm=253&fmt=auto&app=138&f=JPEG?w=500&h=500"
<strong>二次元</strong>美女图集大全812,"https://img1.baidu.com/it/u=3439249047,3237855888&fm=253&fmt=auto&app=138&f=JPEG?w=889&h=500"
日本动漫<strong>二次元</strong>呆萌软妹子动漫美女图片大全桌面壁纸(1),"https://img2.baidu.com/it/u=3847103020,3548606579&fm=253&fmt=auto&app=120&f=JPEG?w=1280&h=800"
<strong>二次元</strong>动漫女生图片大全110,"https://img1.baidu.com/it/u=1935191975,590035579&fm=253&fmt=auto&app=138&f=JPEG?w=800&h=500"
"动漫头像<strong>大全</strong>,二次元头像大全","https://img1.baidu.com/it/u=8364711,760200145&fm=253&fmt=auto&app=120&f=JPEG?w=400&h=400"
<strong>二次元</strong>美女图集大全(11/12),"https://img0.baidu.com/it/u=4218754426,639175208&fm=253&fmt=auto&app=138&f=JPEG?w=889&h=500"
日本动漫<strong>二次元</strong>呆萌软妹子动漫美女图片大全桌面壁纸(1),"https://img1.baidu.com/it/u=922104274,800712064&fm=253&fmt=auto&app=120&f=JPEG?w=1280&h=800"
今日份<strong>二次元</strong>美少女壁纸866,"https://img0.baidu.com/it/u=2829311553,848448964&fm=253&fmt=auto&app=138&f=JPEG?w=500&h=666"
"动漫头像<strong>大全</strong>,二次元头像大全","https://img0.baidu.com/it/u=1491211198,2833966876&fm=253&fmt=auto&app=138&f=JPEG?w=380&h=380"
<strong>二次元</strong>淑女动漫女生合集##图片大全##图片素材##无水印##电脑桌面,"https://img2.baidu.com/it/u=2290579181,1996629709&fm=253&fmt=auto&app=120&f=JPEG?w=654&h=368"
<strong>二次元</strong>壁纸,"https://img0.baidu.com/it/u=3518784464,3281090119&fm=253&fmt=auto&app=138&f=JPEG?w=500&h=666"
<strong>二次元</strong>美女合集动漫高清壁纸二次元女二次元美女超清图片大全,"https://img2.baidu.com/it/u=273284458,1594010107&fm=253&fmt=auto&app=138&f=JPEG?w=667&h=500"
"超可爱的动漫人物画图片<strong>大全</strong>,甜甜的二次元少女插画","https://img1.baidu.com/it/u=1511414460,2932941269&fm=253&fmt=auto&app=138&f=JPEG?w=500&h=684"
<strong>二次元</strong>美女图集大全212,"https://img1.baidu.com/it/u=667168665,340855655&fm=253&fmt=auto&app=138&f=JPEG?w=480&h=270"
动漫图片<strong>大全</strong>女生可爱二次元,"https://img1.baidu.com/it/u=645267372,2517469061&fm=253&fmt=auto&app=138&f=JPEG?w=520&h=350"
可爱犯规了 动漫<strong>二次元</strong>女生手机电脑桌面图片壁纸分享下载 782p,"https://img2.baidu.com/it/u=3287459912,1149753648&fm=253&fmt=auto&app=138&f=JPEG?w=500&h=707"
"动漫头像<strong>大全</strong>,二次元头像大全","https://img1.baidu.com/it/u=111965469,494550935&fm=253&fmt=auto&app=120&f=JPEG?w=630&h=630"
"动漫头像<strong>大全</strong>,二次元头像大全","https://img0.baidu.com/it/u=910049720,665443451&fm=253&fmt=auto?w=400&h=400"
<strong>次元</strong>表情图]二次元表情符号-日系动漫表情包带字-二次元表情图片大全,"https://img1.baidu.com/it/u=4168887927,1589842136&fm=253&fmt=auto&app=138&f=JPEG?w=348&h=500"
<strong>二次元</strong>性感长腿美女合集##图片大全##图片素材##无水印##电脑桌面,"https://img1.baidu.com/it/u=2391577953,3561739100&fm=253&fmt=auto&app=120&f=JPEG?w=654&h=368"
<strong>二次元</strong>性感插画美女动漫合集##图片大全##图片素材##无水印##电脑,"https://img1.baidu.com/it/u=880993344,766658709&fm=253&fmt=auto&app=120&f=JPEG?w=655&h=409"
你的壁纸让我来承包吧!#<strong>二次元</strong>美图壁纸大全 - 抖音,"https://img0.baidu.com/it/u=1136332442,1070686532&fm=253&fmt=auto&app=138&f=JPEG?w=800&h=1371"
<strong>二次元</strong>美图壁纸大全 #图片来自网络 #我又来送图啦 - 抖音,"https://img1.baidu.com/it/u=3076607503,4233376476&fm=253&fmt=auto&app=138&f=JPEG?w=800&h=1197"
动漫<strong>二次元</strong>美女合集##图片大全##图片素材##无水印##电脑桌面壁纸,"https://img0.baidu.com/it/u=3746350073,464349259&fm=253&fmt=auto&app=120&f=JPEG?w=655&h=409"
<strong>二次元</strong>美图壁纸大全 #唯美古风壁纸 #二次元ai绘画 #二 - 抖音,"https://img2.baidu.com/it/u=969587487,808686219&fm=253&fmt=auto&app=138&f=JPEG?w=800&h=1422"
<strong>二次元</strong>性感插画美女动漫合集##图片大全##图片素材##无水印##电脑,"https://img1.baidu.com/it/u=4189171189,104695609&fm=253&fmt=auto&app=120&f=JPEG?w=655&h=409"
<strong>二次元</strong>美图壁纸大全 #二次元 #图文伙伴计划 不变初心 - 抖音,"https://img1.baidu.com/it/u=1638989314,1388974984&fm=253&fmt=auto&app=138&f=JPEG?w=800&h=1400"
<strong>二次元</strong>软萌动漫美女合集##图片大全##图片素材##无水印##电脑桌面,"https://img1.baidu.com/it/u=3047659406,1853594962&fm=253&fmt=auto&app=120&f=JPEG?w=655&h=409"
<strong>二次元</strong>星空壁纸大放送78,"https://img0.baidu.com/it/u=1171428784,3061331697&fm=253&fmt=auto&app=120&f=JPEG?w=1422&h=800"
<strong>二次元</strong>性感插画美女动漫合集##图片大全##图片素材##无水印##电脑,"https://img1.baidu.com/it/u=2110571963,666373569&fm=253&fmt=auto&app=120&f=JPEG?w=655&h=409"
<strong>二次元</strong>性感插画美女动漫合集##图片大全##图片素材##无水印##电脑,"https://img1.baidu.com/it/u=2293301739,4111819292&fm=253&fmt=auto&app=120&f=JPEG?w=655&h=409"
<strong>二次元</strong>性感美腿动漫美女合集##图片大全##图片素材##无水印##电脑,"https://img2.baidu.com/it/u=2271389391,3886815247&fm=253&fmt=auto&app=120&f=JPEG?w=655&h=409"
<strong>二次元</strong>甜美性感美女动漫合集##图片大全##图片素材##无水印##电脑,"https://img1.baidu.com/it/u=11040431,2180286304&fm=253&fmt=auto&app=120&f=JPEG?w=655&h=409"
<strong>二次元</strong>美图壁纸大全 #抖音图文来了 #图文伙伴计划 - 抖音,"https://img1.baidu.com/it/u=422445219,1148544176&fm=253&fmt=auto&app=138&f=JPEG?w=800&h=1600"
橙人之美92|橙色系春日.#ai绘画 #<strong>二次元</strong>美图壁纸大全  - 抖音,"https://img0.baidu.com/it/u=289418106,416474112&fm=253&fmt=auto&app=138&f=JPEG?w=800&h=1440"
<strong>二次元</strong>软萌动漫美女合集##图片大全##图片素材##无水印##电脑桌面,"https://img1.baidu.com/it/u=305671941,1653397675&fm=253&fmt=auto&app=120&f=JPEG?w=655&h=409"
<strong>二次元</strong>淑女动漫女生合集##图片大全##图片素材##无水印##电脑桌面,"https://img2.baidu.com/it/u=4120517624,2985460293&fm=253&fmt=auto&app=120&f=JPEG?w=654&h=368"
动漫<strong>二次元</strong>熟女图片大全,"https://img0.baidu.com/it/u=3784866189,976959774&fm=253&fmt=auto&app=138&f=JPEG?w=224&h=190"
<strong>二次元</strong>美女图集大全,"https://img1.baidu.com/it/u=1623707364,1016753816&fm=253&fmt=auto&app=138&f=JPEG?w=500&h=281"
<strong>二次元</strong>美女合集动漫高清壁纸二次元女二次元美女超清图片大全,"https://img0.baidu.com/it/u=3042524515,3072343129&fm=253&fmt=auto&app=138&f=JPEG?w=569&h=406"
"高清<strong>二次元</strong>壁纸大全(附手机图),喜欢自取,素质取图(二十四期)","https://img2.baidu.com/it/u=2299601009,2754068903&fm=253&fmt=auto&app=138&f=JPEG?w=500&h=700"
精选<strong>二次元</strong>圣诞节卡通动漫电脑壁纸图片大全,"https://img0.baidu.com/it/u=3124733788,4132793966&fm=253&fmt=auto&app=120&f=JPEG?w=1280&h=800"
<strong>二次元</strong>动漫美少女高清精美手机壁纸图片大全_可爱图片,"https://img0.baidu.com/it/u=1789999569,3641284581&fm=253&fmt=auto&app=138&f=JPEG?w=474&h=842"
"高清<strong>二次元</strong>壁纸大全(附手机图),喜欢自取,素质取图(二十一期)","https://img1.baidu.com/it/u=2050524708,1062366403&fm=253&fmt=auto&app=138&f=JPEG?w=500&h=612"
<strong>二次元</strong>淑女动漫女生合集##图片大全##图片素材##无水印##电脑桌面,"https://img1.baidu.com/it/u=949620348,2367160610&fm=253&fmt=auto&app=120&f=JPEG?w=654&h=368"
高清<strong>二次元</strong>壁纸大全手机图喜欢自取素质取图二十八期,"https://img2.baidu.com/it/u=3768367528,3735147509&fm=253&fmt=auto&app=138&f=JPEG?w=889&h=500"
<strong>二次元</strong>动漫女生图片大全610,"https://img0.baidu.com/it/u=4242894658,3840880113&fm=253&fmt=auto&app=120&f=JPEG?w=500&h=313"
一组忒好看的<strong>二次元</strong>动漫头像大全,"https://img2.baidu.com/it/u=1724088373,211398902&fm=253&fmt=auto&app=138&f=JPG?w=500&h=500"
"超可爱的动漫人物画图片<strong>大全</strong>,甜甜的二次元少女插画","https://img2.baidu.com/it/u=2541465410,2054770871&fm=253&fmt=auto&app=138&f=JPEG?w=500&h=658"
<strong>二次元</strong>少女动漫合集##图片大全##图片素材##无水印##电脑桌面壁纸,"https://img0.baidu.com/it/u=1367061580,2044096612&fm=253&fmt=auto&app=120&f=JPEG?w=655&h=409"
k8博客,"https://img2.baidu.com/it/u=1495905044,1886001106&fm=253&fmt=auto&app=138&f=JPEG?w=889&h=500"
"<strong>二次元</strong>美图# 既然没被通缉,所以……我决定继续浪16161616","https://img0.baidu.com/it/u=2680715678,1251965943&fm=253&fmt=auto&app=120&f=JPEG?w=800&h=1171"
<strong>二次元</strong>美图壁纸大全 #图文伙伴计划 #抖音图文来了#一格格 - 抖音,"https://img1.baidu.com/it/u=1095985768,448697467&fm=253&fmt=auto&app=138&f=JPEG?w=638&h=1185"
<strong>二次元</strong>少女动漫合集##图片大全##图片素材##无水印##电脑桌面壁纸,"https://img1.baidu.com/it/u=746621921,168793787&fm=253&fmt=auto&app=120&f=JPEG?w=655&h=409"
"有时我沉默,不是不快乐,只是想把心净空.#<strong>二次元</strong>美图壁纸大全 - 抖音","https://img0.baidu.com/it/u=2681843408,1090876335&fm=253&fmt=auto&app=138&f=JPEG?w=800&h=1082"
<strong>二次元</strong>萤火虫之夏动漫卡通合集##图片大全##图片素材##无水印##电脑,"https://img1.baidu.com/it/u=830721889,3033378331&fm=253&fmt=auto&app=120&f=JPEG?w=655&h=409"
寒冬中围着围巾的<strong>二次元</strong>少女图片大全-二次元-微元素element3ds,"https://img2.baidu.com/it/u=3410637035,2616673482&fm=253&fmt=auto&app=120&f=PNG?w=658&h=929"
<strong>二次元</strong>性感美腿动漫美女合集##图片大全##图片素材##无水印##电脑,"https://img2.baidu.com/it/u=3291849218,3808609026&fm=253&fmt=auto&app=120&f=JPEG?w=655&h=409"
<strong>二次元</strong>甜美性感美女动漫合集##图片大全##图片素材##无水印##电脑,"https://img1.baidu.com/it/u=440146788,997214306&fm=253&fmt=auto&app=120&f=JPEG?w=655&h=409"
动漫<strong>二次元</strong>美女合集##图片大全##图片素材##无水印##电脑桌面壁纸,
<strong>二次元</strong>美图壁纸大全 #ai绘画 #白天刷不到晚上逃不掉系列 - 抖音,"https://img0.baidu.com/it/u=799782800,201557976&fm=253&fmt=auto&app=138&f=JPEG?w=800&h=1371"
<strong>二次元</strong>淑女动漫女生合集##图片大全##图片素材##无水印##电脑桌面,"https://img2.baidu.com/it/u=327207591,1793437986&fm=253&fmt=auto&app=120&f=JPEG?w=654&h=368"
<strong>二次元</strong>淑女动漫女生合集##图片大全##图片素材##无水印##电脑桌面,"https://img2.baidu.com/it/u=327207591,1793437986&fm=253&fmt=auto&app=120&f=JPEG?w=654&h=368"
<strong>二次元</strong>甜美性感美女动漫合集##图片大全##图片素材##无水印##电脑,"https://img1.baidu.com/it/u=542826765,2958740804&fm=253&fmt=auto&app=120&f=JPEG?w=654&h=368"
<strong>二次元</strong>少女动漫合集##图片大全##图片素材##无水印##电脑桌面壁纸,"https://img0.baidu.com/it/u=3592790855,1063752732&fm=253&fmt=auto&app=120&f=JPEG?w=655&h=409"
<strong>二次元</strong>美图壁纸大全 #壁纸手机超清全面屏 #你的壁纸被我承 - 抖音,"https://img0.baidu.com/it/u=679936107,3590196105&fm=253&fmt=auto&app=138&f=JPEG?w=800&h=1422"
动漫<strong>二次元</strong>美女合集##图片大全##图片素材##无水印##电脑桌面壁纸,
<strong>二次元</strong>性感美腿动漫美女合集##图片大全##图片素材##无水印##电脑,"https://img1.baidu.com/it/u=2807723286,851453804&fm=253&fmt=auto&app=120&f=JPEG?w=655&h=409"
动漫<strong>二次元</strong>美女合集##图片大全##图片素材##无水印##电脑桌面壁纸,
也许就像他们说#<strong>二次元</strong>美图壁纸大全 #ai绘画 #欢迎取图 - 抖音,"https://img0.baidu.com/it/u=2270655226,2954208161&fm=253&fmt=auto&app=138&f=JPEG?w=800&h=1455"
<strong>二次元</strong>高清美图壁纸壹肆伍,"https://img0.baidu.com/it/u=3285360099,2258205041&fm=253&fmt=auto&app=138&f=JPEG?w=378&h=500"
动漫<strong>二次元</strong>美女合集##图片大全##图片素材##无水印##电脑桌面壁纸,
<strong>二次元</strong>性感美腿动漫美女合集##图片大全##图片素材##无水印##电脑,"https://img0.baidu.com/it/u=3818275221,1495092096&fm=253&fmt=auto&app=120&f=JPEG?w=655&h=409"
全<strong>二次元</strong>美图壁纸大全,"https://img0.baidu.com/it/u=4109263959,2192528748&fm=253&fmt=auto&app=138&f=JPEG?w=576&h=679"
<strong>二次元</strong>少女动漫合集##图片大全##图片素材##无水印##电脑桌面壁纸,"https://img1.baidu.com/it/u=2419059383,3521736862&fm=253&fmt=auto&app=120&f=JPEG?w=655&h=409"
<strong>二次元</strong>淑女动漫女生合集##图片大全##图片素材##无水印##电脑桌面,
<strong>二次元</strong>美图壁纸大全 #图片来自网络 #我又来送图啦 - 抖音,"https://img0.baidu.com/it/u=2021843089,1100004076&fm=253&fmt=auto&app=138&f=JPEG?w=800&h=1200"
拾壹壁纸:#<strong>二次元</strong>美图壁纸大全 #图文伙伴计划 #97辣身材 #这谁顶得,"https://img2.baidu.com/it/u=2963725715,1634643622&fm=253&fmt=auto&app=138&f=JPEG?w=800&h=1147"
壁纸手机超清全面屏 #<strong>二次元</strong>美图壁纸大全 #图片来自网络 - 抖音,"https://img0.baidu.com/it/u=3972544397,1934109877&fm=253&fmt=auto&app=138&f=JPEG?w=1131&h=800"
<strong>二次元</strong>壁纸,"https://img1.baidu.com/it/u=860215661,2755925336&fm=253&fmt=auto&app=120&f=JPEG?w=800&h=500"
<strong>二次元</strong>壁纸大全～～270期,"https://img1.baidu.com/it/u=3973633200,236134917&fm=253&fmt=auto&app=120&f=JPEG?w=800&h=500"
"每张都是精心挑选,绝对能满足你的<strong>二次元</strong>魂!","https://img0.baidu.com/it/u=655188178,2217964058&fm=253&fmt=auto&app=120&f=JPEG?w=1422&h=800"
"周末了,放松一下吧!#图文来了 #动漫少女 #<strong>二次元</strong>美图壁纸大全","https://img2.baidu.com/it/u=898204898,401129674&fm=253&fmt=auto&app=138&f=JPEG?w=800&h=1400"
90<strong>二次元</strong>动漫男生头像精选97,"https://img2.baidu.com/it/u=695355092,2500254952&fm=253&fmt=auto&app=120&f=JPEG?w=800&h=800"
美少女战士##科技,"https://img0.baidu.com/it/u=281153005,617540988&fm=253&fmt=auto&app=120&f=JPEG?w=500&h=857"
<strong>二次元</strong>壁纸二百二十二期,"https://img2.baidu.com/it/u=195026876,504180440&fm=253&fmt=auto&app=138&f=JPEG?w=359&h=500"
"这些充满魅力的<strong>二次元</strong>形象,既有神秘的气质又不失可爱.","https://img2.baidu.com/it/u=3144955498,3529677571&fm=253&fmt=auto&app=120&f=JPEG?w=800&h=800"
<strong>二次元</strong>星空壁纸大放送7890,"https://img2.baidu.com/it/u=1425228988,2981617955&fm=253&fmt=auto&app=120&f=JPEG?w=1422&h=800"
<strong>二次元</strong>图片#二次元美图壁纸大全 #动漫壁纸 - 抖音,"https://img2.baidu.com/it/u=3847755740,2133515778&fm=253&fmt=auto&app=138&f=JPEG?w=800&h=1140"
<strong>二次元</strong>美图壁纸大全取图看主页,"https://img0.baidu.com/it/u=601659578,3723911133&fm=253&fmt=auto&app=138&f=JPEG?w=800&h=1422"
动漫<strong>二次元</strong>美女合集##图片大全##图片素材##无水印##电脑桌面壁纸,"https://img2.baidu.com/it/u=3172684245,2528539468&fm=253&fmt=auto&app=120&f=JPEG?w=655&h=409"
<strong>二次元</strong>美图壁纸大全 #次元ai绘画 #带你走进漫画世界 # - 抖音,"https://img0.baidu.com/it/u=982350121,3930037650&fm=253&fmt=auto&app=138&f=JPEG?w=800&h=1372"
"超可爱的动漫人物画图片<strong>大全</strong>,甜甜的二次元少女插画","https://img2.baidu.com/it/u=3981790472,2373002296&fm=253&fmt=auto&app=138&f=JPEG?w=500&h=709"
"超可爱的动漫人物画图片<strong>大全</strong>,甜甜的二次元少女插画_素描作品_零二七","https://img0.baidu.com/it/u=4033193453,2142131661&fm=253&fmt=auto&app=138&f=JPEG?w=500&h=714"
<strong>二次元</strong>美女合集动漫高清壁纸二次元女二次元美女超清图片大全,"https://img0.baidu.com/it/u=4140480815,1015921158&fm=253&fmt=auto&app=138&f=JPEG?w=667&h=500"
唯美动漫<strong>二次元</strong>美少女图片大全,"https://img2.baidu.com/it/u=2198425096,3568255292&fm=253&fmt=auto&app=138&f=JPEG?w=640&h=399"
<strong>二次元</strong>动漫头像女生大全 怦然心动女生动漫头像2020,"https://img2.baidu.com/it/u=2075978542,200872724&fm=253&fmt=auto&app=138&f=JPEG?w=380&h=380"
日本动漫<strong>二次元</strong>呆萌软妹子动漫美女图片大全桌面壁纸(1),"https://img0.baidu.com/it/u=1093527754,255265918&fm=253&fmt=auto?w=1280&h=800"
<strong>二次元</strong>游戏大全,"https://img1.baidu.com/it/u=1022565535,4023958701&fm=253&fmt=auto&app=138&f=JPEG?w=1194&h=500"
日本动漫<strong>二次元</strong>呆萌软妹子动漫美女图片大全桌面壁纸(1),"https://img1.baidu.com/it/u=4089054233,2377728646&fm=253&fmt=auto&app=120&f=JPEG?w=1280&h=800"
<strong>二次元</strong>淑女动漫女生合集##图片大全##图片素材##无水印##电脑桌面,"https://img1.baidu.com/it/u=700234822,2502457427&fm=253&fmt=auto&app=120&f=JPEG?w=654&h=368"
动漫ol美女图片<strong>大全</strong> 二次元职场女白领的魅力,"https://img1.baidu.com/it/u=1687316543,3943864843&fm=253&fmt=auto&app=120&f=JPEG?w=800&h=1379"
"超可爱的动漫人物画图片<strong>大全</strong>,甜甜的二次元少女插画_素描作品_零二七","https://img0.baidu.com/it/u=502845241,548117393&fm=253&fmt=auto&app=138&f=JPEG?w=500&h=704"
"高清<strong>二次元</strong>壁纸大全(附手机图),喜欢自取,素质取图(二十一期)","https://img1.baidu.com/it/u=1758092454,1945364240&fm=253&fmt=auto&app=138&f=JPEG?w=889&h=500"
"高清<strong>二次元</strong>壁纸大全(附手机图),喜欢自取,素质取图(二十一期)","https://img2.baidu.com/it/u=528849833,2344348101&fm=253&fmt=auto&app=138&f=JPEG?w=500&h=558"
"超可爱的动漫人物画图片<strong>大全</strong>,甜甜的二次元少女插画","https://img2.baidu.com/it/u=1942919002,4044586135&fm=253&fmt=auto&app=138&f=JPEG?w=459&h=500"
<strong>二次元</strong>淑女动漫女生合集##图片大全##图片素材##无水印##电脑桌面,"https://img0.baidu.com/it/u=501461526,41201907&fm=253&fmt=auto&app=120&f=JPEG?w=654&h=368"
沙滩上的奇遇.#<strong>二次元</strong> #二次元女神 #二次元美图壁纸大全  - 抖音,"https://img2.baidu.com/it/u=2205897628,2626107049&fm=253&fmt=auto&app=138&f=JPEG?w=800&h=1399"
<strong>二次元</strong>女孩高清图可爱 性感美女图片大全,"https://img2.baidu.com/it/u=2581507051,1754640961&fm=253&fmt=auto&app=138&f=JPEG?w=380&h=380"
<strong>二次元</strong>美女合集动漫高清壁纸二次元女二次元美女超清图片大全,"https://img0.baidu.com/it/u=1439443677,2041004461&fm=253&fmt=auto&app=138&f=JPEG?w=889&h=500"
日系<strong>二次元</strong>动漫人物场景高清电脑壁纸图片大全,"https://img1.baidu.com/it/u=1461885577,1130911678&fm=253&fmt=auto&app=138&f=JPEG?w=800&h=500"
<strong>二次元</strong>漫画中可爱的女生_pc单机游戏_单机游戏大全_17173单机游戏频道,"https://img2.baidu.com/it/u=438796726,3388445298&fm=253&fmt=auto&app=138&f=JPEG?w=500&h=709"
"高清<strong>二次元</strong>壁纸大全(附手机图),喜欢自取,素质取图(二十一期)","https://img1.baidu.com/it/u=2186981679,2992531494&fm=253&fmt=auto&app=138&f=JPEG?w=1096&h=500"
欢迎取图 #<strong>二次元</strong>美图壁纸大全 #二次元 #二次元动漫 # - 抖音,"https://img0.baidu.com/it/u=160260584,807411717&fm=253&fmt=auto&app=138&f=JPEG?w=608&h=973"
您要的壁纸到了! 能来领一下嘛 <strong>二次元</strong> 珍藏 高清壁纸合集(3,"https://img2.baidu.com/it/u=3055816486,863631721&fm=253&fmt=auto&app=138&f=JPEG?w=500&h=889"
<strong>二次元</strong>美图壁纸大全 #唯美古风壁纸 #动漫女神 - 抖音,"https://img2.baidu.com/it/u=3384794532,1253810616&fm=253&fmt=auto&app=138&f=JPEG?w=800&h=1503"
<strong>二次元</strong>美图壁纸大全～～48期,"https://img2.baidu.com/it/u=1335866159,1024016876&fm=253&fmt=auto&app=120&f=JPEG?w=800&h=500"
<strong>二次元</strong>少女动漫合集##图片大全##图片素材##无水印##电脑桌面壁纸,"https://img1.baidu.com/it/u=3166612727,4289976098&fm=253&fmt=auto&app=120&f=JPEG?w=655&h=409"
我的抖音生活日记 #动漫少女 #动漫壁纸 #<strong>二次元</strong>美图壁纸大全 #动漫,"https://img2.baidu.com/it/u=2771743247,555979&fm=253&fmt=auto&app=138&f=JPEG?w=800&h=1202"
<strong>二次元</strong>少女动漫合集##图片大全##图片素材##无水印##电脑桌面壁纸,"https://img2.baidu.com/it/u=2352042920,1544132354&fm=253&fmt=auto&app=120&f=JPEG?w=655&h=409"
<strong>二次元</strong>性感美腿动漫美女合集##图片大全##图片素材##无水印##电脑,"https://img0.baidu.com/it/u=709177893,2083440299&fm=253&fmt=auto&app=120&f=JPEG?w=655&h=409"
<strong>二次元</strong>美图(2)_公众_图片_微信,"https://img0.baidu.com/it/u=1839519666,3501464616&fm=253&fmt=auto&app=138&f=JPEG?w=500&h=707"
<strong>二次元</strong>动漫壁纸今日份敲nice动漫壁纸,"https://img0.baidu.com/it/u=3122226183,1788051248&fm=253&fmt=auto&app=120&f=JPEG?w=740&h=1600"
灯火阑珊.#<strong>二次元</strong>美图壁纸大全 #送你一张壁纸 #手机壁纸  - 抖音,"https://img2.baidu.com/it/u=1250117019,3658577469&fm=253&fmt=auto&app=138&f=JPEG?w=800&h=1063"
<strong>二次元</strong>软萌动漫美女合集##图片大全##图片素材##无水印##电脑桌面,"https://img0.baidu.com/it/u=1977456102,2832855050&fm=253&fmt=auto&app=120&f=JPEG?w=655&h=409"
<strong>二次元</strong>壁纸大全,"https://img2.baidu.com/it/u=549971925,1361088558&fm=253&fmt=auto&app=138&f=JPEG?w=500&h=707"
"ai:<strong>二次元</strong>图片4k清晰,可爱板","https://img2.baidu.com/it/u=851370326,1952280933&fm=253&fmt=auto&app=138&f=JPEG?w=500&h=500"
<strong>二次元</strong>头像模板大全96来啦!,"https://img0.baidu.com/it/u=25025617,1607108365&fm=253&fmt=auto&app=120&f=JPEG?w=800&h=800"
<strong>二次元</strong>甜美性感美女动漫合集##图片大全##图片素材##无水印##电脑,"https://img2.baidu.com/it/u=2748338099,2922463187&fm=253&fmt=auto&app=120&f=JPEG?w=654&h=368"
<strong>二次元</strong>美图壁纸大全 #202392兔年开启 #2023祝大 - 抖音,"https://img0.baidu.com/it/u=2533289588,4269661344&fm=253&fmt=auto&app=138&f=JPEG?w=800&h=1255"
<strong>二次元</strong>性感长腿美女合集##图片大全##图片素材##无水印##电脑桌面,"https://img2.baidu.com/it/u=157936065,3349028962&fm=253&fmt=auto&app=120&f=JPEG?w=654&h=368"
<strong>二次元</strong>淑女动漫女生合集##图片大全##图片素材##无水印##电脑桌面,
<strong>二次元</strong>美图壁纸大全 #给自己一个微笑96让心情豁然开朗 # - 抖音,"https://img2.baidu.com/it/u=2727747656,461781238&fm=253&fmt=auto&app=138&f=JPEG?w=800&h=1422"
<strong>二次元</strong>ai绘画特效文案大全:创意灵感     与特效应用指南,"https://img0.baidu.com/it/u=3975775883,3763651144&fm=253&fmt=auto&app=138&f=JPEG?w=500&h=500"
"97<strong>二次元</strong>红色火焰炫酷背景图92 点燃你的屏幕,二次元红色火焰背景","https://img2.baidu.com/it/u=4194298487,3379305224&fm=253&fmt=auto&app=120&f=JPEG?w=1422&h=800"
<strong>二次元</strong>美图壁纸大全 #仙气十足 - 抖音,"https://img0.baidu.com/it/u=1526444683,642096562&fm=253&fmt=auto&app=138&f=JPEG?w=800&h=1422"
<strong>二次元</strong>头像模板大全96来啦!,"https://img1.baidu.com/it/u=3160461317,3828318956&fm=253&fmt=auto&app=120&f=JPEG?w=800&h=800"
<strong>二次元</strong>头像模板大全96来啦!,"https://img1.baidu.com/it/u=448817431,3541580470&fm=253&fmt=auto&app=120&f=JPEG?w=800&h=800"
动漫<strong>二次元</strong>美女合集##图片大全##图片素材##无水印##电脑桌面壁纸,
<strong>二次元</strong>头像模板大全96来啦!,"https://img1.baidu.com/it/u=2671100937,1810778325&fm=253&fmt=auto&app=120&f=JPEG?w=800&h=800"
<strong>二次元</strong>头像模板大全96来啦!,"https://img2.baidu.com/it/u=3522330510,4194728477&fm=253&fmt=auto&app=120&f=JPEG?w=800&h=800"
<strong>二次元</strong>原创 #二次元美图壁纸大全 #欢迎取图 星空壁纸19 - 抖音,"https://img1.baidu.com/it/u=3109323589,3031446952&fm=253&fmt=auto&app=138&f=JPEG?w=800&h=1400"
<strong>二次元</strong>美图(1)_公众_图片_微信,"https://img2.baidu.com/it/u=2139222104,2052191786&fm=253&fmt=auto&app=138&f=JPEG?w=500&h=753"
<strong>二次元</strong>特色风景图!(绅士请绕道而行)第十一期!,"https://img1.baidu.com/it/u=4231384736,2375492405&fm=253&fmt=auto&app=120&f=JPEG?w=800&h=1129"
<strong>二次元</strong>壁纸,"https://img0.baidu.com/it/u=3751211403,349669046&fm=253&fmt=auto&app=138&f=JPEG?w=500&h=707"
<strong>二次元</strong>头像来啦!,"https://img2.baidu.com/it/u=4257904722,1719590637&fm=253&fmt=auto&app=138&f=JPEG?w=500&h=889"
阴暗冷酷血腥<strong>二次元</strong>女生头像来啦!,"https://img1.baidu.com/it/u=269453331,3373267116&fm=253&fmt=auto&app=120&f=JPEG?w=800&h=800"
<strong>二次元</strong>美图壁纸大全 #唯美古风壁纸 #动漫女神 #心中若有 - 抖音,"https://img1.baidu.com/it/u=3330042020,2411175159&fm=253&fmt=auto&app=138&f=JPEG?w=800&h=1421"
"夏日炎炎,换上这组<strong>二次元</strong>女生泳衣壁纸,立刻感受清凉一夏!","https://img2.baidu.com/it/u=3559518725,3756370787&fm=253&fmt=auto&app=120&f=JPEG?w=1422&h=800"
"生活怎么样,自己放调料##<strong>二次元</strong>少女 #二次元美图壁纸大全  - 抖音","https://img2.baidu.com/it/u=1414829365,2403411892&fm=253&fmt=auto&app=138&f=JPEG?w=800&h=1400"
图文伙伴计划 #挑一张壁纸换上吧 #<strong>二次元</strong>美图壁纸大全 #高清壁纸,"https://img2.baidu.com/it/u=2695839161,1609859719&fm=253&fmt=auto&app=138&f=JPEG?w=800&h=1422"
<strong>二次元</strong>美图壁纸大全 #手机壁纸 #二次元,"https://img1.baidu.com/it/u=3390128854,3827969798&fm=253&fmt=auto&app=120&f=JPEG?w=500&h=887"
<strong>二次元</strong>美图壁纸大全 #次元ai绘画 #欢迎取图 #壁纸手机 - 抖音,"https://img1.baidu.com/it/u=1591711233,1807697538&fm=253&fmt=auto&app=138&f=JPEG?w=800&h=1372"
<strong>二次元</strong>美图壁纸大全～～ 36期,"https://img0.baidu.com/it/u=561948540,65647384&fm=253&fmt=auto&app=120&f=JPEG?w=800&h=500"
<strong>二次元</strong>性感插画美女动漫合集##图片大全##图片素材##无水印##电脑,"https://img1.baidu.com/it/u=4071172478,3868599048&fm=253&fmt=auto&app=120&f=JPEG?w=655&h=409"
放放放放放图_漫画图片_动漫_动漫_漫评_<strong>二次元</strong>社区,"https://img2.baidu.com/it/u=3037880626,3446119094&fm=253&fmt=auto&app=138&f=JPEG?w=500&h=707"
动漫<strong>二次元</strong>美女合集##图片大全##图片素材##无水印##电脑桌面壁纸,"https://img1.baidu.com/it/u=1595573795,4224582378&fm=253&fmt=auto&app=120&f=JPEG?w=655&h=409"
<strong>二次元</strong>美女合集动漫高清壁纸二次元女二次元美女超清图片大全,"https://img0.baidu.com/it/u=339654174,3431054371&fm=253&fmt=auto&app=138&f=JPEG?w=667&h=500"
"超可爱的动漫人物画图片<strong>大全</strong>,甜甜的二次元少女插画","https://img1.baidu.com/it/u=773296116,894216369&fm=253&fmt=auto&app=138&f=JPEG?w=317&h=500"
<strong>二次元</strong>多人联机游戏大全,"https://img1.baidu.com/it/u=566384216,1596895254&fm=253&fmt=auto&app=138&f=JPEG?w=760&h=380"
"动漫头像<strong>大全</strong>,二次元头像大全","https://img0.baidu.com/it/u=871636584,2889589863&fm=253&fmt=auto&app=120&f=JPEG?w=800&h=800"
动漫图片<strong>大全</strong>女生可爱二次元,"https://img1.baidu.com/it/u=1398431948,540333080&fm=253&fmt=auto&app=138&f=JPEG?w=493&h=332"
"超可爱的动漫人物画图片<strong>大全</strong>,甜甜的二次元少女插画","https://img2.baidu.com/it/u=3575562052,2857707494&fm=253&fmt=auto&app=120&f=PNG?w=690&h=690"
"高清<strong>二次元</strong>壁纸:失去你很可惜,有机会希望不要再遇见你了!","https://img2.baidu.com/it/u=2451816748,2859648641&fm=253&fmt=auto?w=1132&h=800"
"世间所有美好,都恰逢其时#<strong>二次元</strong>美图壁纸大全 #图文伙伴计划 - 抖音","https://img0.baidu.com/it/u=817855024,574461890&fm=253&fmt=auto&app=138&f=JPEG?w=800&h=1399"
和服美女唯美图片<strong>大全</strong>丨卡通桌面壁纸丨二次元萌妹,"https://img0.baidu.com/it/u=3850220738,3161155449&fm=253&fmt=auto?w=891&h=500"
<strong>二次元</strong>少女 #二次元美图壁纸大全 #抖音图文  - 抖音,"https://img2.baidu.com/it/u=2664311772,2125486525&fm=253&fmt=auto&app=138&f=JPEG?w=800&h=1399"
<strong>二次元</strong>性感长腿美女合集##图片大全##图片素材##无水印##电脑桌面,"https://img1.baidu.com/it/u=1394554862,123273574&fm=253&fmt=auto&app=120&f=JPEG?w=654&h=368"
<strong>二次元</strong>甜美性感美女动漫合集##图片大全##图片素材##无水印##电脑,"https://img0.baidu.com/it/u=2198229220,1100942072&fm=253&fmt=auto&app=120&f=JPEG?w=655&h=409"
<strong>二次元</strong>软件在哪里下载-二次元软件大全_rom之家,"https://img0.baidu.com/it/u=2163195395,485923518&fm=253&fmt=auto&app=138&f=JPEG?w=889&h=500"
<strong>二次元</strong>性感插画美女动漫合集##图片大全##图片素材##无水印##电脑,"https://img0.baidu.com/it/u=4113801534,487504122&fm=253&fmt=auto&app=120&f=JPEG?w=655&h=409"
<strong>二次元</strong>少女动漫合集##图片大全##图片素材##无水印##电脑桌面壁纸,"https://img0.baidu.com/it/u=229758272,3856905339&fm=253&fmt=auto&app=120&f=JPEG?w=655&h=409"
"<strong>二次元</strong>美图壁纸大全 #我又来送图啦 宝宝们,我又来啦,不要 - 抖音","https://img2.baidu.com/it/u=1785001380,3433794553&fm=253&fmt=auto&app=138&f=JPEG?w=800&h=800"
<strong>二次元</strong>少女动漫合集##图片大全##图片素材##无水印##电脑桌面壁纸,"https://img2.baidu.com/it/u=54126095,4196916985&fm=253&fmt=auto&app=120&f=JPEG?w=655&h=409"
<strong>二次元</strong>头像大全96来啦!,"https://img2.baidu.com/it/u=1935107027,2758500420&fm=253&fmt=auto&app=120&f=JPEG?w=800&h=800"
<strong>二次元</strong>软萌动漫美女合集##图片大全##图片素材##无水印##电脑桌面,"https://img2.baidu.com/it/u=3347051144,4185848146&fm=253&fmt=auto&app=120&f=JPEG?w=655&h=409"
<strong>二次元</strong>美图壁纸大全 #图文伙伴计划 #二次元少女 #图文热点来了,"https://img2.baidu.com/it/u=4199289539,2140033062&fm=253&fmt=auto&app=138&f=JPEG?w=800&h=1400"
jk制服才是永远的神#ai绘画 #<strong>二次元</strong>美图壁纸大全 #二次 - 抖音,"https://img1.baidu.com/it/u=4154285727,1842347178&fm=253&fmt=auto&app=138&f=JPEG?w=800&h=1371"
<strong>二次元</strong>甜美性感美女动漫合集##图片大全##图片素材##无水印##电脑,"https://img0.baidu.com/it/u=235773511,377012309&fm=253&fmt=auto&app=120&f=JPEG?w=655&h=409"
<strong>二次元</strong>甜美性感美女动漫合集##图片大全##图片素材##无水印##电脑,"https://img2.baidu.com/it/u=1018503988,703730158&fm=253&fmt=auto&app=120&f=JPEG?w=655&h=409"
"95 这些壁纸将带你遨游在梦幻的<strong>二次元</strong>星空之中,感受星空的浩瀚与","https://img0.baidu.com/it/u=2590468807,426578749&fm=253&fmt=auto&app=120&f=JPEG?w=800&h=1422"
<strong>二次元</strong>甜美性感美女动漫合集##图片大全##图片素材##无水印##电脑,"https://img0.baidu.com/it/u=1807984215,117436854&fm=253&fmt=auto&app=120&f=JPEG?w=655&h=409"
点赞拿图#<strong>二次元</strong>美图壁纸大全 - 抖音,"https://img0.baidu.com/it/u=1166663844,86639985&fm=253&fmt=auto&app=138&f=JPEG?w=800&h=1422"
<strong>二次元</strong>美图壁纸大全 # - 抖音,"https://img0.baidu.com/it/u=1513512022,4086321467&fm=253&fmt=auto&app=138&f=JPEG?w=800&h=1400"
相思入画#<strong>二次元</strong>美图壁纸大全 #主页取图 #图文伙伴计划 # - 抖音,"https://img2.baidu.com/it/u=567948859,3212377034&fm=253&fmt=auto&app=138&f=JPEG?w=800&h=1400"
<strong>二次元</strong>美图壁纸大全 #图文伙伴计划 #抖音图文来了 #二次元少女,"https://img1.baidu.com/it/u=2123188296,3902787971&fm=253&fmt=auto&app=138&f=JPEG?w=800&h=1400"
<strong>二次元</strong>美图壁纸大全 #唯美古风壁纸 #次元ai绘画 #欢迎取图,"https://img1.baidu.com/it/u=2563638073,2891776176&fm=253&fmt=auto&app=138&f=JPEG?w=800&h=1600"
"在这万千世界里,愿我们平平安安,快快乐乐.#<strong>二次元</strong>美图壁纸大全","https://img2.baidu.com/it/u=2539928461,2315894305&fm=253&fmt=auto&app=138&f=JPEG?w=800&h=800"
"哪有什么四季,遇见你,四季如春#<strong>二次元</strong> #抖音图文来了 #图 - 抖音","https://img1.baidu.com/it/u=2940313747,847553279&fm=253&fmt=auto&app=138&f=JPEG?w=800&h=1422"
<strong>二次元</strong>美图壁纸大全 #欢迎取图 # - 抖音,"https://img1.baidu.com/it/u=375605879,2652441064&fm=253&fmt=auto&app=138&f=JPEG?w=800&h=1200"
"人随心动,心随你动,你随风动.#<strong>二次元</strong>美图壁纸大全 #图文伙 - 抖音","https://img2.baidu.com/it/u=1525881569,2190452156&fm=253&fmt=auto&app=138&f=JPEG?w=800&h=1400"
<strong>二次元</strong>美图壁纸大全,"https://img2.baidu.com/it/u=2468757855,3820450461&fm=253&fmt=auto&app=138&f=JPEG?w=800&h=1400"
<strong>二次元</strong>美图壁纸大全 #二次元少女 #图文伙伴计划 #抖音图 - 抖音,"https://img0.baidu.com/it/u=2355736618,3837391781&fm=253&fmt=auto&app=138&f=JPEG?w=800&h=800"
"小可爱来了,你们还在吗#图文伙伴计划 #<strong>二次元</strong>美图壁纸大全  - 抖音","https://img0.baidu.com/it/u=3561266035,1895249730&fm=253&fmt=auto&app=138&f=JPEG?w=800&h=1455"
"快来挑选你的专属头像,展现你的<strong>二次元</strong>魅力吧!","https://img2.baidu.com/it/u=2908471763,924644777&fm=253&fmt=auto&app=120&f=JPEG?w=800&h=800"
<strong>二次元</strong>美图壁纸大全 #壁纸手机超清全面屏 #欢迎取图 点击 - 抖音,"https://img0.baidu.com/it/u=1304935411,1793045858&fm=253&fmt=auto&app=138&f=JPEG?w=1399&h=800"
宝贝们!谁能拒绝这么可爱的<strong>二次元</strong>卡通头像呢?,"https://img1.baidu.com/it/u=3027338989,2195409878&fm=253&fmt=auto&app=120&f=JPEG?w=800&h=800"
<strong>二次元</strong>美图壁纸大全 #即使在过于残酷的异世界我也很可爱 # - 抖音,"https://img1.baidu.com/it/u=3473080424,698448365&fm=253&fmt=auto&app=138&f=JPEG?w=800&h=1131"
<strong>二次元</strong>美图壁纸大全 #二次元少女 #火火壁纸 #神华 #原 - 抖音,"https://img0.baidu.com/it/u=3566758513,3324960297&fm=253&fmt=auto&app=138&f=JPEG?w=800&h=1100"
<strong>二次元</strong>美图壁纸大全 #姑娘本是天仙不小心落入凡间 #我又来 - 抖音,"https://img2.baidu.com/it/u=448972024,1641944277&fm=253&fmt=auto&app=138&f=JPEG?w=800&h=1422"
<strong>二次元</strong>美图壁纸大全 #壁纸手机超清全面屏 #欢迎取图 点击 - 抖音,"https://img1.baidu.com/it/u=3421335499,2726976900&fm=253&fmt=auto&app=138&f=JPEG?w=800&h=1422"
<strong>二次元</strong>原创 #二次元美图壁纸大全 #二次元 #次元ai绘画 - 兑趑,"https://img2.baidu.com/it/u=3558294173,2327553618&fm=253&fmt=auto&app=138&f=JPEG?w=800&h=1400"
"今天发同一系列的甜美妹啊哦,快来看看咯!#<strong>二次元</strong>美图壁纸大全","https://img0.baidu.com/it/u=3342149480,606757023&fm=253&fmt=auto&app=138&f=JPEG?w=800&h=1371"
"95漫画风灰姑娘·<strong>二次元</strong>头像99 96探索不一样的灰姑娘,漫画风格","https://img0.baidu.com/it/u=1640840832,3316212100&fm=253&fmt=auto&app=120&f=JPEG?w=800&h=800"
"灼灼桃花十里,取一朵放在心上,足矣.#<strong>二次元</strong>美图壁纸大全 # - 抖音","https://img2.baidu.com/it/u=2523386202,2216050415&fm=253&fmt=auto&app=138&f=JPEG?w=800&h=1400"
<strong>二次元</strong>原创 #二次元美图壁纸大全 #魔法少女动态壁纸 #二次元敝纸,"https://img1.baidu.com/it/u=3636428100,1295761577&fm=253&fmt=auto&app=138&f=JPEG?w=608&h=973"
<strong>二次元</strong>美图壁纸大全 #你的壁纸被我承包了 #二次元少女,"https://img1.baidu.com/it/u=436946907,1218435755&fm=253&fmt=auto&app=138&f=JPEG?w=800&h=1400"
<strong>二次元</strong>美图(2),"https://img2.baidu.com/it/u=1833166695,4232792481&fm=253&fmt=auto&app=120&f=JPEG?w=800&h=1240"
"你是我绕过山河错落,才找到的人间烟火.#<strong>二次元</strong>美图壁纸大全","https://img1.baidu.com/it/u=2265810165,3052665567&fm=253&fmt=auto&app=138&f=JPEG?w=800&h=1418"
"慢品人间烟火色,闲观完事岁月长#<strong>二次元</strong>美图壁纸大全 #图文伙 - 抖音","https://img0.baidu.com/it/u=2137616190,3635223767&fm=253&fmt=auto&app=138&f=JPEG?w=800&h=1372"
"月下美人,祝大家新年快乐啊#<strong>二次元</strong>美图壁纸大全 #二次元少女","https://img1.baidu.com/it/u=3749125370,959812183&fm=253&fmt=auto&app=138&f=JPEG?w=800&h=1372"
喜欢<strong>二次元</strong>不是中二病,"https://img1.baidu.com/it/u=787723386,1717463317&fm=253&fmt=auto&app=120&f=JPEG?w=500&h=890"
"二次元高清壁纸大全,喜欢自取,素质取图(八期) - 哔哩哔哩","https://img1.baidu.com/it/u=670803064,1943243690&fm=253&fmt=auto&app=120&f=JPEG?w=1422&h=800"
二次元动漫图片(刀剑神域) - acfun弹幕视频网 - 认真你就输啦 (?ω?),"https://img2.baidu.com/it/u=3340598389,2550302738&fm=253&fmt=auto&app=138&f=JPEG?w=800&h=500"
#二次元美图壁纸大全 #你们见过漫画中的自己吗 #即使在过于 - 抖音,"https://img2.baidu.com/it/u=4244694904,3145908509&fm=253&fmt=auto&app=138&f=JPEG?w=800&h=1422"
无题-精美二次元图片大全-话本小说网,"https://img0.baidu.com/it/u=2340866487,3428678113&fm=253&fmt=auto&app=138&f=JPEG?w=640&h=428"
日系二次元动漫人物场景高清电脑壁纸图片大全-卡通动漫-手机壁纸下载,"https://img1.baidu.com/it/u=2661255524,734545352&fm=253&fmt=auto&app=120&f=JPEG?w=1280&h=800"
"二次元精美头像,男头,女头,情头,闺蜜头像(第34期) - 哔哩哔哩","https://img1.baidu.com/it/u=523402581,1436333379&fm=253&fmt=auto&app=138&f=JPEG?w=500&h=500"
#动漫少女 #萌妹子 #今日分享 #二次元美图壁纸大全 #图 - 抖音,"https://img2.baidu.com/it/u=1353113491,1338088578&fm=253&fmt=auto&app=138&f=JPEG?w=486&h=911"
一组忒好看的二次元动漫头像大全_桃子,"https://img0.baidu.com/it/u=18890715,3932955556&fm=253&fmt=auto&app=138&f=JPEG?w=500&h=500"
"二次元恋爱动漫大全,二次元动漫大全恋爱科幻-吸猫网","https://img2.baidu.com/it/u=510276259,2222767201&fm=253&fmt=auto&app=138&f=JPEG?w=500&h=889"
精选的二次元壁纸 - 哔哩哔哩,"https://img1.baidu.com/it/u=2021843271,2667650496&fm=253&fmt=auto&app=138&f=JPEG?w=500&h=889"
#二次元 #二次元美图壁纸大全 #可爱壁纸 #动漫动态壁纸 - 抖音,"https://img0.baidu.com/it/u=2052383989,1887785317&fm=253&fmt=auto&app=138&f=JPEG?w=800&h=1355"
#手机壁纸 #二次元少女 #二次元美图壁纸大全 - 抖音,"https://img1.baidu.com/it/u=1501289067,683058359&fm=253&fmt=auto&app=138&f=JPEG?w=800&h=1400"
#二次元美图壁纸大全 #原创 #美图分享 #精美壁纸 #ai - 抖音,"https://img1.baidu.com/it/u=804234311,1698261071&fm=253&fmt=auto&app=138&f=JPEG?w=729&h=972"
二次元头像,"https://img0.baidu.com/it/u=1888140312,1693546301&fm=253&fmt=auto&app=138&f=JPEG?w=500&h=500"
动漫ol美女图片大全 二次元职场女白领的魅力,"https://img2.baidu.com/it/u=2780571168,728047163&fm=253&fmt=auto&app=138&f=JPEG?w=500&h=793"
#二次元美图壁纸大全 #你的壁纸被我承包了 #欣赏美图美景 - 抖音,"https://img0.baidu.com/it/u=443747402,2825950774&fm=253&fmt=auto&app=138&f=JPEG?w=972&h=547"
#二次元美图壁纸大全 #唯美古风壁纸 #动漫少女,"https://img2.baidu.com/it/u=397803705,1703769749&fm=253&fmt=auto&app=120&f=JPEG?w=500&h=887"
"优雅,永不过时#二次元美图壁纸大全 #4k手机壁纸推荐","https://img2.baidu.com/it/u=3768249389,1458734813&fm=253&fmt=auto&app=138&f=JPEG?w=800&h=1427"
@#二次元 #图文伙伴计划 #二次元美图壁纸大全 #动漫人物 - 抖音,"https://img2.baidu.com/it/u=272378645,2551361276&fm=253&fmt=auto&app=138&f=JPEG?w=547&h=972"
"女生卡通头像可爱二次元大全,卡通头像图片","https://img2.baidu.com/it/u=2926089190,386694958&fm=253&fmt=auto&app=138&f=JPEG?w=380&h=380"
#二次元美图壁纸大全 #抖音图文来了 #图文伙伴计划 #动漫 - 抖音,"https://img2.baidu.com/it/u=722622443,334046839&fm=253&fmt=auto&app=138&f=JPEG?w=608&h=973"
下载免费漫画大全动漫_漫画图片大全动漫人物2022已更新(今日/资讯)-u,"https://img0.baidu.com/it/u=2414986860,2205374139&fm=253&fmt=auto&app=138&f=JPEG?w=474&h=670"
#二次元美图壁纸大全 #挑一张壁纸换上吧 我可以做你的壁纸吗 - 抖音,"https://img0.baidu.com/it/u=249286534,3848243438&fm=253&fmt=auto&app=138&f=JPEG?w=800&h=1422"
#二次元美图壁纸大全 #次元ai绘画 #神仙图 #动漫少女,"https://img1.baidu.com/it/u=3529983222,45488716&fm=253&fmt=auto&app=138&f=JPEG?w=684&h=1216"
一组忒好看的二次元动漫头像大全_桃子,"https://img0.baidu.com/it/u=115700284,4201567337&fm=253&fmt=auto&app=138&f=JPEG?w=500&h=500"
朋友圈背景图二次元_微信朋友圈背景图二次元_朋友圈背景图二次元风景,"https://img2.baidu.com/it/u=3855065467,2934850345&fm=253&fmt=auto&app=138&f=JPEG?w=313&h=557"
#二次元美图壁纸大全 #二次元 #二次元动漫 #每日壁纸 # - 抖音,"https://img1.baidu.com/it/u=2457841468,894844136&fm=253&fmt=auto&app=138&f=JPEG?w=800&h=800"
二次元小萝莉动漫手绘头像汇总 小萝莉动漫手绘头像图片大全_漫画资讯,"https://img0.baidu.com/it/u=441514766,1801569596&fm=253&fmt=auto&app=120&f=JPEG?w=428&h=500"
"超清二次元动漫壁纸推荐合集大全,高级感小众壁纸集锦!壁纸游戏 - 抖","https://img1.baidu.com/it/u=903170459,127395754&fm=253&fmt=auto&app=138&f=JPEG?w=800&h=953"
二次元动漫美女胸大图片大全,"https://img1.baidu.com/it/u=1048734279,2503564435&fm=253&fmt=auto&app=138&f=JPEG?w=500&h=700"
