title,image_url,actors
乔妍的心事,https://0img.hitv.com/preview/sp_images/2024/09/06/202409060920571758906.jpg,"赵丽颖,辛芷蕾,黄觉"
危机航线,https://3img.hitv.com/preview/sp_images/2024/07/12/202407121227506504616.jpg,"刘德华,张子枫,屈楚萧,刘涛,郭晓东,蒋梦婕,王耀庆,姜超"
749局,https://0img.hitv.com/preview/sp_images/2024/09/13/202409131607399442095.jpg,"王俊凯,苗苗,郑恺,任敏,辛柏青"
浴火之路,https://2img.hitv.com/preview/sp_images/2024/11/15/202411151039449861527.jpg,"肖央,赵丽颖,刘烨,冯德伦,潘斌龙,王迅"
志愿军：存亡之战,https://3img.hitv.com/preview/sp_images/2024/09/13/202409131031507094917.jpg,"朱一龙,辛柏青,张子枫,朱亚文,陈飞宇,王砚辉,肖央,吴京,张宥浩,欧豪,韩东君,郭晓东,李卓阳,任重,李乃文,聂远,唐曾,王挺,赫子铭,王阳,贾冰"
出走的决心,https://3img.hitv.com/preview/sp_images/2024/08/20/202408201100193966998.jpg,"咏梅,姜武,吴倩,张本煜,马苏,艾丽娅,李易祥,李嘉鑫,吴泽南,陈玺旭"
逆鳞,https://3img.hitv.com/preview/sp_images/2024/08/07/202408071450150901349.jpg,"沈腾,张雨绮,高捷,蔡文静"
抓娃娃,https://2img.hitv.com/preview/sp_images/2024/07/02/202407021646363974200.jpg,"沈腾,马丽,史彭元,萨日娜,张子栋,李嘉琦,赵凤霞,马文波,陈冰,骆佳,魏翔,贾冰,于洋,李宗恒,刘鉴,丁柳元,王成思,张一鸣,陶亮"
全员嫌疑人,https://1img.hitv.com/preview/sp_images/2024/11/06/202411061736233368660.jpg,"小沈阳,秦海璐,王紫逸,曹恩齐,董畅"
绑架游戏,https://1img.hitv.com/preview/sp_images/2022/03/17/202203171442273706000.jpg,"彭昱畅,胡冰卿,姚橹,小爱,史策"
再见，李可乐,https://0img.hitv.com/preview/sp_images/2023/10/10/202310101112004638190.jpg,"闫妮,谭松韵,吴京,蒋龙,赵小棠"
十二生肖,https://3img.hitv.com/preview/internettv/sp_images/ott/2017/dianying/106868/20170930093723739-new.jpg,"成龙,廖凡,陈柏霖,张蓝心,姚星彤,白冰"
野孩子,https://0img.hitv.com/preview/sp_images/2024/06/21/202406211048530673294.jpg,"王俊凯,邓家佳,陈永胜,潘斌龙,关子勰"
逆行人生,https://3img.hitv.com/preview/sp_images/2024/04/15/202404151110118513117.jpg,"徐峥,辛芷蕾,王骁,贾冰,冯兵"
里斯本丸沉没,https://2img.hitv.com/preview/sp_images/2024/08/13/202408131522229001774.jpg,
迷你特工队之汉堡大作战,https://3img.hitv.com/preview/sp_images/2023/06/07/202306071149391918757.jpg,
你想活出怎样的人生,https://3img.hitv.com/preview/sp_images/2024/03/14/202403141152096332255.jpg,
一雪前耻,https://3img.hitv.com/preview/sp_images/2024/08/15/202408151108456303942.jpg,"乔杉,马丽,刘奕铁,包贝尔,周大勇,潘斌龙,修睿,艾丽娅,王乃训,斌子"
这么多年,https://1img.hitv.com/preview/sp_images/2023/02/13/202302131104183919624.jpg,"张新成,孙千,章若楠,刘丹,吴俊霆"
好东西,https://0img.hitv.com/preview/sp_images/2024/10/11/202410111104277626004.jpg,"宋佳,钟楚曦,章宇,赵又廷,任彬,张弛,周野芒,王菊,孔连顺,蒋易"
第二十条,https://2img.hitv.com/preview/sp_images/2024/01/12/202401121136129121263.jpg,"雷佳音,马丽,赵丽颖,高叶,刘耀文"
猎屠,https://3img.hitv.com/preview/sp_images/2022/08/16/202208161632547705321.jpg,"王千源,许龄月,倪大红,郭晓东,王迅,关晓彤,张兆辉,童蕾,郭晓峰,张光北"
祝你幸福！,https://1img.hitv.com/preview/sp_images/2024/09/12/202409121557325708720.jpg,"肖央,宋佳,倪大红,吴越,吴玉芳,周依然,丁嘉丽"
人生路不熟,https://1img.hitv.com/preview/sp_images/2022/11/09/202211091119422329367.jpg,"范丞丞,乔杉,张婧仪,马丽"
毒液：最后一舞,https://4img.hitv.com/preview/sp_images/2024/06/05/202406051135343056491.jpg,"汤姆·哈迪,朱诺·坦普尔,斯蒂芬·格拉汉姆,瑞斯·伊凡斯"
一出好戏,https://1img.hitv.com/preview/internettv/sp_images/ott/2018/dianying/323630/20180921092656504-new.jpg,"黄渤,舒淇,王宝强,张艺兴,于和伟,王迅,李勤勤,李又麟,梁静"
扫黑·决不放弃,https://2img.hitv.com/preview/sp_images/2024/05/09/202405091112596764507.jpg,"肖央,余皑磊,范丞丞,李诚儒,耿乐,杨皓宇,焦刚,石兆琪,李建义"
八月未央,https://4img.hitv.com/preview/sp_images/2021/02/18/20210218101557364.jpg,"罗晋,谭松韵,钟楚曦"
可不可以不要离开我,https://4img.hitv.com/preview/sp_images/2023/03/02/202303021041339215698.jpg,"郭涛,卢靖姗,贾冰,陈乔恩,吴樾,克拉拉"
门锁,https://4img.hitv.com/preview/sp_images/2021/09/22/202109221024475326631.jpg,"白百何,白客,范丞丞,王紫璇"
战狼,https://2img.hitv.com/preview/sp_images/2022/05/03/202205031453108445531.jpg,"吴京,余男,倪大宏,斯科特·阿特金斯,周晓鸥"
爱情神话,https://3img.hitv.com/preview/sp_images/2022/01/21/202201211844477483225.jpg,"徐峥,马伊琍,吴越,倪虹洁,周野芒,黄明昊,王影璐,宁理,张芝华,吴冕"
江豚·风时舞,https://0img.hitv.com/preview/sp_images/2023/11/07/202311071432054483372.jpg,
热辣滚烫,https://0img.hitv.com/preview/sp_images/2024/02/19/202402192127592707534.jpg,"贾玲,雷佳音,张小斐,沙溢,赵海燕"
一念天堂,https://4img.hitv.com/preview/internettv/sp_images/ott/2017/dianying/131179/20170925115015283-new.jpg,"沈腾,马丽,杜晓宇,林雪,王子子,蒲萄,何美璇"
唐人街探案3,https://1img.hitv.com/preview/internettv/sp_images/ott/2020/3/14/dianying/333023/20200314130521857-new.jpg,"王宝强,刘昊然,妻夫木聪,托尼·贾,长泽雅美,张子枫,铃木保奈美,染谷将太,浅野忠信,三浦友和,尚语贤,肖央,邱泽,张钧甯,马伯骞,程潇"
白蛇：浮生,https://1img.hitv.com/preview/sp_images/2024/01/11/202401111022240085490.jpg,
孤注一掷,https://4img.hitv.com/preview/sp_images/2023/08/08/202308080945292867702.jpg,"张艺兴,金晨,咏梅,王传君,王大陆,周也,孙阳,邓萃雯"
鲛珠传,https://3img.hitv.com/preview/internettv/sp_images/ott/2019/4/22/dianying/313351/20190422152232249-new.jpg,"王大陆,张天爱,任达华,盛冠森,王迅,胡兵"
流浪地球,https://3img.hitv.com/preview/sp_images/2020/06/30/20200630115840086.jpg,"屈楚萧,吴京,李光洁,吴孟达,赵今麦"
迷妹罗曼史,https://3img.hitv.com/preview/sp_images/2021/05/14/202105141649277221434.jpg,"闫妮,盛一伦,于小彤,郭姝彤,周冬雨,魏晨,秦海璐,黄觉,刘循子墨,柯达"
诛仙Ⅰ,https://4img.hitv.com/preview/internettv/sp_images/ott/2019/8/30/dianying/330702/20190830141718194-new.jpg,"肖战,李沁,孟美岐,唐艺昕,刘端端,李俊贤,代旭,邱心志,姜大卫"
人潮汹涌,https://3img.hitv.com/preview/sp_images/2021/02/19/20210219173214028.jpg,"刘德华,肖央,万茜,程怡"
志愿军：雄兵出击,https://3img.hitv.com/preview/sp_images/2023/09/22/202309221127323736895.jpg,"辛柏青,朱一龙,张子枫,陈飞宇,朱亚文,肖央,张宥浩,欧豪,尹昉,魏大勋,章子怡,张颂文,黄晓明,王传君,郎月婷"
误杀2,https://0img.hitv.com/preview/sp_images/2021/10/22/202110221120087479553.jpg,"肖央,任达华,文咏珊,陈雨锶,宋洋"
蓝色生死恋,https://1img.hitv.com/preview/internettv/sp_images/ott/2019/2/1/dianying/328330/20190201170145399-new.jpg,"许凯,赵露思,梁婧娴,孟美岐,焦睿"
图兰朵：魔咒缘起,https://3img.hitv.com/preview/sp_images/2021/08/23/202108231606528072668.jpg,"关晓彤,姜文,胡军,苏菲·玛索,林思意,文森特·佩雷斯"
解密,https://2img.hitv.com/preview/sp_images/2024/10/25/202410250942296356387.jpg,"刘昊然,约翰·库萨克,陈道明,吴彦祖"
超能一家人,https://1img.hitv.com/preview/sp_images/2021/02/19/20210219105712943.jpg,"艾伦,沈腾,陶慧,韩彦博,张琪"
非诚勿扰3,https://1img.hitv.com/preview/sp_images/2023/12/11/202312111645292515269.jpg,"葛优,舒淇,范伟,姚晨,李诚儒,关晓彤,虞书欣,岳云鹏,常远"
战狼2,https://4img.hitv.com/preview/sp_images/2022/05/06/202205061010481256449.jpg,"吴京,弗兰克·格里罗,吴刚,张翰,卢靖姗,丁海峰,淳于珊珊,余男,于谦,石兆琪"
默杀,https://4img.hitv.com/preview/sp_images/2024/09/18/202409181153092687895.jpg,"王传君,张钧甯,吴镇宇,王圣迪,蔡明,金士杰,黄明昊,徐娇"
瞒天过海,https://2img.hitv.com/preview/sp_images/2023/06/09/202306091052252254998.jpg,"许光汉,张钧甯,尹正,惠英红"
送我上青云,https://0img.hitv.com/preview/internettv/sp_images/ott/2019/7/11/dianying/330476/20190711105258975-new.jpg,"姚晨,李九霄,杨新鸣,吴玉芳,梁冠华,袁弘"
爱的诈欺犯,https://3img.hitv.com/preview/sp_images/2020/09/24/20200924091031078.jpg,"柯佳嬿,修杰楷"
乘风破浪,https://3img.hitv.com/preview/internettv/sp_images/ott/2019/1/2/dianying/309903/20190102153318117-new.jpg,"邓超,彭于晏,赵丽颖,董子健"
百团大战,https://4img.hitv.com/preview/internettv/sp_images/ott/2019/2/22/dianying/119850/20190222114205656-new.jpg,"唐国强,王伍福,刘之冰,陶泽如,印小天,吴越,宋运成,赵晓明"
前任2：备胎反击战,https://1img.hitv.com/preview/sp_images/2021/09/08/202109081144379728968.jpg,"郑恺,郭采洁,王传君,张殿伦,张艺兴"
雪人奇缘,https://0img.hitv.com/preview/internettv/sp_images/ott/2019/5/23/dianying/329829/20190523170247936-new.jpg,
让子弹飞,https://0img.hitv.com/preview/internettv/sp_images/ott/2019/1/4/dianying/130985/20190104170629532-new.jpg,"姜文,葛优,周润发,刘嘉玲,陈坤,周韵,廖凡,姚橹,邵兵,苗圃,冯小刚,胡军,白冰"
再见，少年,https://4img.hitv.com/preview/sp_images/2020/08/03/20200803101052888.jpg,"张子枫,张宥浩,刘帅"
进击的皇后 电影版,https://3img.hitv.com/preview/sp_images/2021/05/08/202105081815057953418.jpg,"王路晴,丞磊,马小钦,尚思丞"
猎人克莱文,https://3img.hitv.com/preview/sp_images/2023/06/20/202306201426016067737.jpg,"亚伦·约翰逊,罗素·克劳,克里斯托弗·阿波特,亚历桑德罗·尼沃拉"
记忆切割,https://2img.hitv.com/preview/sp_images/2021/03/03/20210303100406760.jpg,"郭采洁,刘雪华,果靖霖,宁理,徐峥"
红星照耀中国,https://2img.hitv.com/preview/internettv/sp_images/ott/2022/1/16/dianying/416559/20220116185205262-new.jpg,"柯南·何裴,王鹏凯,李雪健,李幼斌,蒋雯丽,侯祥玲"
名侦探柯南：绯色的子弹 普通话版,https://2img.hitv.com/preview/sp_images/2021/11/24/202111242147042919218.jpg,江户川柯南
钦天异闻录 电影版,https://2img.hitv.com/preview/sp_images/2023/04/18/202304181117334866616.jpg,"曾姿晔,韩东霖,何善凯,苏芮莹,刘泳辰"
侍神令,https://4img.hitv.com/preview/sp_images/2020/12/28/20201228141432122.jpg,"陈坤,周迅,陈伟霆,屈楚萧,王丽坤,沈月,王紫璇,张子枫"
江湖少年诀 电影版,https://3img.hitv.com/preview/sp_images/2023/09/21/202309211600567011649.jpg,"陈俊宇,李沛洋,周微微,张初一"
非礼勿言,https://2img.hitv.com/preview/sp_images/2024/09/06/202409061425403278282.jpg,"詹姆斯·麦卡沃伊,麦肯兹·戴维斯,斯科特·麦克纳里,克里斯·希钦"
灵魂电台,https://1img.hitv.com/preview/internettv/sp_images/ott/2018/dianying/322177/20180201100459022-new.jpg,"季晨,汤怡,郭艳,房程程"
爱恋告急 电影版,https://3img.hitv.com/preview/sp_images/2022/12/15/202212151725281657957.jpg,"梁田,黎明旭"
影,https://1img.hitv.com/preview/internettv/sp_images/ott/2018/11/30/dianying/322609/20181130102632442-new.jpg,"邓超,孙俪,郑恺,胡军,王千源,关晓彤,吴磊,王景春"
误杀3,https://4img.hitv.com/preview/sp_images/2024/11/22/202411221038504561372.jpg,"肖央,佟丽娅"
哪吒之魔童降世,https://0img.hitv.com/preview/internettv/sp_images/ott/2019/8/5/dianying/328192/20190805110641618-new.jpg,哪吒
长津湖,https://0img.hitv.com/preview/sp_images/2021/12/31/202112311645496417253.jpg,"吴京,易烊千玺,段奕宏,朱亚文,李晨,韩东君,胡军,张涵予,黄轩,欧豪"
反贪风暴5：最终章,https://2img.hitv.com/preview/sp_images/2021/12/09/202112091204052872618.jpg,"古天乐,张智霖,郑嘉颖,宣萱,黄宗泽,谢天华"
雪暴,https://2img.hitv.com/preview/internettv/sp_images/ott/2019/6/13/dianying/323681/20190613114706114-new.jpg,"张震,倪妮,廖凡,黄觉"
扫黑行动,https://4img.hitv.com/preview/sp_images/2022/11/07/202211071048192341460.jpg,"周一围,秦海璐,张智霖,王劲松,曾志伟,吕良伟,吴孟达,王迅,邵兵"
拆弹专家2,https://4img.hitv.com/preview/internettv/sp_images/ott/2020/1/21/dianying/336284/20200121092929920-new.jpg,"刘德华,刘青云,倪妮,谢君豪,马浴柯"
无名之辈,https://0img.hitv.com/preview/internettv/sp_images/ott/2018/11/23/dianying/326130/20181123161402965-new.jpg,"任素汐,陈建斌,章宇,潘斌龙,邓恩熙"
拯救嫌疑人,https://0img.hitv.com/preview/sp_images/2023/06/06/202306061027311783058.jpg,"张小斐,李鸿其,惠英红,王子异,洪浚嘉"
以爱为营 速看版,https://4img.hitv.com/preview/sp_images/2023/12/28/202312281721207066269.jpg,"白鹿,王鹤棣,魏哲鸣,沈羽洁,刘冬沁,姜珮瑶"
扫毒3：人在天涯,https://2img.hitv.com/preview/sp_images/2023/03/01/202303011110563754541.jpg,"刘青云,古天乐,郭富城,杨采钰,罗嘉良,谢君豪,方中信"
穿过月亮的旅行,https://1img.hitv.com/preview/sp_images/2024/08/07/202408071712538496424.jpg,"张子枫,胡先煦,黄小蕾,赵小棠,李嘉琦"
前任4：英年早婚,https://4img.hitv.com/preview/sp_images/2023/12/06/202312061603224415466.jpg,"韩庚,郑恺,于文文,曾梦雪,张天爱,朱颜曼滋"
云边有个小卖部,https://2img.hitv.com/preview/sp_images/2023/08/22/202308220928363555671.jpg,"彭昱畅,周也,张艺凡,陈妍希,王大陆"
神偷奶爸4,https://3img.hitv.com/preview/sp_images/2024/06/16/202406161343188987529.jpg,小黄人
五个扑水的少年,https://2img.hitv.com/preview/sp_images/2021/05/13/202105131344516738063.jpg,"辛云来,冯祥琨,李孝谦,吴俊霆,王川"
落凡尘,https://2img.hitv.com/preview/sp_images/2024/06/11/202406111050138585929.jpg,
大话女儿国,https://3img.hitv.com/preview/sp_images/2022/11/11/202211111524047273626.jpg,"王成思,赵青怡,佟铭心,葛洧吟,任重"
新大头儿子和小头爸爸4：完美爸爸,https://0img.hitv.com/preview/sp_images/2021/05/18/202105181105055443276.jpg,"董浩,鞠萍,耿晨晨,陈苏"
麦兜我和我妈妈,https://0img.hitv.com/preview/sp_images/2022/10/27/202210271507578093103.jpg,麦兜
A计划,https://2img.hitv.com/preview/sp_images/2024/08/16/202408161728017901392.jpg,"成龙,洪金宝,元彪"
因为爱情,https://3img.hitv.com/preview/internettv/sp_images/ott/2019/1/7/dianying/318789/20190107164246638-new.jpg,"魏大勋,郭姝彤,张萌,魏天浩,邱心志"
猪猪侠大电影·恐龙日记,https://0img.hitv.com/preview/sp_images/2021/04/27/202104271114530484165.jpg,猪猪侠
前任杀神,https://1img.hitv.com/preview/sp_images/2024/10/23/202410231125472912136.jpg,"关继威,吴彦祖,西恩·奥斯汀,瑞斯·达比,凯姆·吉甘戴"
英雄儿女,https://4img.hitv.com/preview/internettv/sp_images/ott/2020/5/26/dianying/339222/20200526144314770-new.jpg,"刘世龙,刘尚娴,田方,周文彬"
攻略陛下100次,https://4img.hitv.com/preview/sp_images/2022/08/08/202208080957422743052.jpg,"石光,杨洛仟"
移情高手,https://2img.hitv.com/preview/sp_images/2021/02/06/20210206091252984.jpg,"王智,高晓攀,于莎莎,衣云鹤,黄奕,克拉拉,颜丹晨,吕颂贤,迟帅"
猪猪侠之囧囧危机,https://4img.hitv.com/preview/sp_images/2022/01/12/202201121810087947055.jpg,猪猪侠
记忆大师,https://1img.hitv.com/preview/internettv/sp_images/ott/2017/dianying/307960/20170724152214622-new.jpg,"黄渤,徐静蕾,段奕宏,杨子姗,许玮甯,梁杰理,王真儿,焦刚,许芳铱"
三毛从军记,https://0img.hitv.com/preview/internettv/sp_images/ott/2017/dianying/318485/20170926192537209-new.jpg,"魏宗万,孙飞虎,李颖,蒋雯,贾林"
古董局中局,https://3img.hitv.com/preview/sp_images/2021/11/20/202111201216245861528.jpg,"雷佳音,李现,辛芷蕾,葛优,郭涛,咏梅,王庆祥,赵燕国彰,杨新鸣,阿如那"
巴啦啦小魔仙之魔箭公主,https://3img.hitv.com/preview/sp_images/2023/04/17/202304170944157376510.jpg,"赵粤,戴萌,赵今麦,刘黛希"
人在囧途,https://0img.hitv.com/preview/sp_images/2021/12/24/202112241718241599106.jpg,"徐峥,王宝强,李曼,左小青,张歆艺,黄小蕾"
超级的我,https://4img.hitv.com/preview/internettv/sp_images/ott/2019/5/10/dianying/329563/20190510095707456-new.jpg,"王大陆,宋佳,曹炳琨,吴刚,金燕玲,金士杰,王紫逸,马精武"
英雄本色 2018,https://0img.hitv.com/preview/internettv/sp_images/ott/2017/dianying/319349/20171103094455989-new.jpg,"王凯,马天宇,王大陆,余皑磊,林雪,吴樾,张艺上,姜珮瑶,宁浩,韩寒,丁晟,曾志伟"
郡主万福 电影版,https://4img.hitv.com/preview/sp_images/2022/11/18/202211181004347252600.jpg,"于轩晨,李澳,李梓伊,王星玮,飞尔多斯"
不要走散好不好,https://3img.hitv.com/preview/sp_images/2023/08/08/202308081605374057487.jpg,"徐若晗,张开泰,秦奋,范明,克拉拉,牛莉"
暗格里的秘密 速看版,https://4img.hitv.com/preview/sp_images/2022/06/10/202206101635346256458.jpg,"陈哲远,徐梦洁,王泽轩,樊治欣,王一岚"
追凶十九年,https://2img.hitv.com/preview/internettv/sp_images/ott/2019/9/17/dianying/331834/20190917091801548-new.jpg,"王龙正,宋宁峰,黄璐,国永振,丁溪鹤,王添麒"
煎饼侠,https://3img.hitv.com/preview/sp_images/2021/09/08/202109081056287796866.jpg,"大鹏,袁姗姗,柳岩,吴君如,曾志伟,岳云鹏,潘斌龙,乔杉,小沈阳,宋小宝"
解救吾先生,https://4img.hitv.com/preview/sp_images/2024/03/06/202403061837031746356.jpg,"刘德华,刘烨,王千源"
以年为单位的恋爱,https://0img.hitv.com/preview/sp_images/2021/11/04/202111041519022868239.jpg,"毛晓彤,杨玏"
小兵张嘎,https://2img.hitv.com/preview/internettv/sp_images/ott/2017/dianying/320293/20171212155933342-new.jpg,"安吉斯,张莹,葛存壮,于忠义"
罗小黑战记,https://1img.hitv.com/preview/internettv/sp_images/ott/2019/10/18/dianying/331299/20191018160057723-new.jpg,
轮到你了 剧场版,https://0img.hitv.com/preview/sp_images/2022/11/03/202211031143162823825.jpg,"原田知世,田中圭,西野七濑,横滨流星"
神偷奶爸4 普通话版,https://3img.hitv.com/preview/sp_images/2024/10/04/202410040931552356737.jpg,小黄人
驯龙高手,https://4img.hitv.com/preview/sp_images/2024/12/12/202412121122537667781.jpg,
爆款好人,https://2img.hitv.com/preview/sp_images/2024/08/08/202408081013426525421.jpg,"葛优,李雪琴,郭麒麟,刘敏涛,雷佳音"
暗恋·橘生淮南,https://2img.hitv.com/preview/sp_images/2022/07/01/202207011657382865380.jpg,"张雪迎,辛云来,伍嘉成,刘琳,李嘉琦,果靖霖,李希萌,姜宏波"
寒单,https://2img.hitv.com/preview/sp_images/2024/01/04/202401041030369792942.jpg,"郑人硕,胡宇威,黄瀞怡,林予晞"
疯狂大营救,https://2img.hitv.com/preview/sp_images/2024/07/31/202407311456017325772.jpg,
温柔壳,https://2img.hitv.com/preview/internettv/sp_images/ott/2022/9/30/dianying/484727/20220930105613824-new.jpg,"王子文,尹昉,咏梅,白客,周依然,卜冠今"
刘三姐,https://3img.hitv.com/preview/sp_images/2023/03/14/202303141043325464737.jpg,"黄婉秋,刘世龙,梁音"
剩者为王,https://2img.hitv.com/preview/internettv/sp_images/ott/2015/dianying/128712/20151217154951245-new.jpg,"舒淇,彭于晏,潘虹,金士杰,邢佳栋,熊黛林,张晞临"
过春天,https://1img.hitv.com/preview/internettv/sp_images/ott/2019/2/28/dianying/327769/20190228174002157-new.jpg,"黄尧,孙阳,汤加文,倪虹洁,江美仪,廖启智"
难寻 速看版,https://0img.hitv.com/preview/sp_images/2024/07/16/202407161743551633736.jpg,"沈羽洁,赵弈钦,方晓东"
前任攻略,https://3img.hitv.com/preview/sp_images/2021/09/28/202109281008484986297.jpg,"韩庚,姚星彤,郑恺,王丽坤,班嘉佳,张涵予,李相烨,熊乃瑾"
关于我妈的一切,https://3img.hitv.com/preview/sp_images/2021/06/03/202106031258074721453.jpg,"徐帆,张婧仪,许亚军,张歆艺,陈明昊,吴彦姝,李程彬,韩云云"
“骗骗”喜欢你,https://4img.hitv.com/preview/sp_images/2024/12/24/202412241141203709777.jpg,"金晨,孙阳,李雪琴,王皓,王耀庆"
河边的错误,https://3img.hitv.com/preview/sp_images/2023/05/10/202305101531418688430.jpg,"朱一龙,曾美慧孜,侯天来,曾淇,莫西子诗,刘白沙,曹阳,周庆昀,黄米依,阎鹤祥,周游"
叶问,https://1img.hitv.com/preview/sp_images/2022/04/27/202204271431264798603.jpg,"甄子丹,熊黛林,任达华,池内博之,林家栋,樊少皇"
扫毒2：天地对决,https://1img.hitv.com/preview/internettv/sp_images/ott/2019/9/18/dianying/328840/20190918154857347-new.jpg,"刘德华,古天乐,苗侨伟,林嘉欣,周秀娜,应采儿"
无法攻略的女人 电影版,https://2img.hitv.com/preview/sp_images/2023/02/08/202302081738371879597.jpg,"谭盐盐,李哲豪,麦童"
唐人街探案2,https://1img.hitv.com/preview/internettv/sp_images/ott/2017/dianying/320148/20171206093558310-new.jpg,"王宝强,刘昊然,肖央,刘承羽"
长空之王,https://0img.hitv.com/preview/internettv/sp_images/ott/2022/9/8/dianying/479127/20220908114307822-new.jpg,"王一博,胡军,周冬雨,于适,卜钰,翟宇佳,王子宸,芦鑫"
破·地狱,https://3img.hitv.com/preview/sp_images/2024/11/29/202411291057591512417.jpg,"黄子华,许冠文,卫诗雅,周家怡,秦沛,金燕玲"
今天我当上太后了吗,https://1img.hitv.com/preview/sp_images/2021/10/25/202110251636446919106.jpg,"丞磊,陈露茜"
神探蒲松龄,https://0img.hitv.com/preview/internettv/sp_images/ott/2018/12/18/dianying/323120/20181218155426977-new.jpg,"成龙,阮经天,钟楚曦,林柏宏,林鹏,乔杉,潘长江,苑琼丹"
河神·诡水怪谈,https://2img.hitv.com/preview/sp_images/2023/06/12/202306120939300773316.jpg,"谢苗,衣云鹤,张新童,林枫烨"
冰雪女王5：融冰之战,https://4img.hitv.com/preview/sp_images/2024/09/24/202409241001351908386.jpg,
素人特工,https://4img.hitv.com/preview/internettv/sp_images/ott/2019/1/8/dianying/328073/20190108160132305-new.jpg,"王大陆,张榕容,米拉·乔沃维奇,许魏洲,刘美彤,肖战"
风月变 电影版,https://0img.hitv.com/preview/sp_images/2024/02/29/202402291108154947704.jpg,"吕小雨,赵弈钦,邓凯,乌日丽格"
奇袭,https://0img.hitv.com/preview/internettv/sp_images/ott/2016/dianying/108125/20161008153319341-new.jpg,"张勇手,邢吉田"
圣何塞谋杀案,https://3img.hitv.com/preview/internettv/sp_images/ott/2020/9/25/dianying/345034/20200925114523191-new.jpg,"郑秀文,佟大为,蔡卓妍,林嘉华,谭耀文"
名侦探柯南：迷宫的十字路口,https://0img.hitv.com/preview/sp_images/2024/11/26/202411261138398914256.jpg,江户川柯南
急先锋,https://0img.hitv.com/preview/internettv/sp_images/ott/2020/11/9/dianying/334643/20201109151451221-new.jpg,"成龙,杨洋,母其弥雅,艾伦,朱正廷,楼学贤,杨建平"
大场面,https://4img.hitv.com/preview/sp_images/2024/08/07/202408070938380427240.jpg,"王天放,马旭东,管乐"
加菲猫家族,https://4img.hitv.com/preview/sp_images/2024/05/27/202405271807392825718.jpg,加菲猫
飞驰人生2,https://2img.hitv.com/preview/sp_images/2024/01/10/202401101107575049695.jpg,"沈腾,范丞丞,尹正,张本煜,孙艺洲"
坚如磐石,https://4img.hitv.com/preview/sp_images/2023/12/12/202312121638254935697.jpg,"雷佳音,张国立,于和伟,周冬雨,孙艺洲"
2024微博电影之夜,https://4img.hitv.com/preview/sp_images/2024/06/16/202406161331005551213.jpg,"章子怡,邓超,宋佳,马丽,费翔,黄轩,刘昊然,于适"
海关战线,https://0img.hitv.com/preview/sp_images/2024/04/09/202404091116136006183.jpg,"谢霆锋,张学友,林嘉欣,刘雅瑟,吴镇宇"
长津湖之水门桥,https://2img.hitv.com/preview/sp_images/2022/01/30/202201301034252036895.jpg,"吴京,易烊千玺,朱亚文,胡军,李晨,段奕宏,韩东君,张涵予"
来电狂响,https://4img.hitv.com/preview/internettv/sp_images/ott/2018/12/19/dianying/327131/20181219095809966-new.jpg,"佟大为,马丽,霍思燕,乔杉,田雨,代乐乐"
不止不休,https://0img.hitv.com/preview/sp_images/2023/05/04/202305041000483506509.jpg,"白客,苗苗,张颂文,宋洋,周野芒"
碟中谍7：致命清算（上）,https://0img.hitv.com/preview/sp_images/2022/05/24/202205241032004996864.jpg,"汤姆·克鲁斯,西蒙·佩吉,丽贝卡·弗格森,凡妮莎·柯比,海莉·阿特维尔,加利·艾尔维斯,谢伊·惠格姆,马克·加蒂斯,埃塞·莫拉雷斯,文·瑞姆斯,亨利·科泽尼,张茵"
憨豆特工3,https://2img.hitv.com/preview/internettv/sp_images/ott/2018/dianying/323375/20180409103712209-new.jpg,"罗温·艾金森,欧嘉·柯瑞兰寇,杰克·莱西,本·米勒"
灌篮高手,https://3img.hitv.com/preview/sp_images/2023/02/23/202302231729369079686.jpg,"仲村宗悟,笠间淳,木村昴,三宅健太,坂本真绫,松田健一郎,濑户麻沙美"
巨齿鲨2：深渊,https://0img.hitv.com/preview/sp_images/2023/05/09/202305091124515378272.jpg,"杰森·斯坦森,吴京,蔡书雅,克利夫·柯蒂斯,西耶娜·盖尔利"
边缘行者,https://4img.hitv.com/preview/sp_images/2022/03/07/202203071705441721192.jpg,"任贤齐,任达华,方中信,谭耀文,吴卓羲,陈国坤"
长城,https://3img.hitv.com/preview/internettv/sp_images/ott/2016/dianying/117120/20161116152248518-new.jpg,"马特·达蒙,威廉·达福,佩德罗·帕斯卡,刘德华,张涵予,彭于晏,鹿晗,黄轩,林更新,郑恺,陈学冬,景甜,王俊凯,余心恬"
阿凡达2：水之道,https://3img.hitv.com/preview/sp_images/2022/05/10/202205100919260137483.jpg,"萨姆·沃辛顿,佐伊·索尔达娜,杨紫琼,西格妮·韦弗,范·迪塞尔,大卫·休里斯,杰梅奈·克莱门特,奥娜·卓别林"
捉妖记2,https://4img.hitv.com/preview/internettv/sp_images/ott/2018/dianying/308584/20180108092414475-new.jpg,"梁朝伟,白百何,井柏然,李宇春,杨祐宁,大鹏,柳岩,黄磊,吴莫愁,吴君如,曾志伟,伍嘉成,谷嘉诚,彭楚粤,郭子凡,焉栩嘉,夏之光,姜超,肖战,陈泽希,赵磊"
驯龙高手 2010,https://1img.hitv.com/preview/internettv/sp_images/ott/2017/dianying/311447/20170204132938886-new.jpg,"杰伊·巴鲁切尔,杰拉德·巴特勒,克雷格·费格森"
遗嘱囧事,https://3img.hitv.com/preview/sp_images/2022/12/22/202212221023202387103.jpg,"宋晓峰,汤镇业"
黑暗天际,https://2img.hitv.com/preview/sp_images/2021/09/03/202109031046572011791.jpg,"凯丽·拉塞尔,约什·汉密尔顿,达科塔·高尤,卡丹·罗凯特,J·K·西蒙斯"
做头,https://1img.hitv.com/preview/sp_images/2024/05/21/202405211404415751858.jpg,"关之琳,霍建华,吴镇宇,郭晓婷,毛永明"
最近的远方,https://1img.hitv.com/preview/sp_images/2024/01/18/202401181513110675815.jpg,"周瑞东,孙丹梓"
钱来钱去,https://0img.hitv.com/preview/sp_images/2024/12/04/202412041034373757154.jpg,"王大治,柴碧云,苗圃,苗阜"
建国大业,https://4img.hitv.com/preview/internettv/sp_images/ott/2017/dianying/318967/20171017202253833-new.jpg,"唐国强,张国立,许晴,刘劲,陈坤,王伍福,王学圻,刘沙"
武状元苏乞儿,https://0img.hitv.com/preview/sp_images/2024/07/19/202407191047008857795.jpg,"周星驰,张敏,吴孟达,陈百祥,徐少强,秦沛"
废柴老爸,https://4img.hitv.com/preview/internettv/sp_images/ott/2019/11/1/dianying/333450/20191101162255280-new.jpg,"王迅,黄灿灿,梁超,张伦硕,何雄飞,邹轩琦,代乐乐,九孔,许可嘉"
火锅艺术家,https://1img.hitv.com/preview/sp_images/2024/12/05/202412051023595981263.jpg,"崔志佳,焦俊艳,张琪,于洋,宋小宝,乔杉,魏翔,艾伦,孙越,文松,潘斌龙,张子栋,张一鸣,修睿,衣云鹤,卜钰"
年少日记,https://3img.hitv.com/preview/sp_images/2024/04/08/202404081144308795180.jpg,"卢镇业,郑中基,陈汉娜"
城市游戏,https://1img.hitv.com/preview/sp_images/2024/05/21/202405211705223605421.jpg,"窦骁,陈妍希,释小龙,叶青"
卧虎藏龙,https://4img.hitv.com/preview/sp_images/2023/11/28/202311281735395306321.jpg,"周润发,杨紫琼,章子怡,张震,郑佩佩"
消失的她,https://1img.hitv.com/preview/sp_images/2023/02/06/202302061100309028201.jpg,"朱一龙,倪妮,文咏珊,杜江"
伞少女,https://3img.hitv.com/preview/sp_images/2023/11/17/202311171046539907301.jpg,
极寒之城,https://4img.hitv.com/preview/sp_images/2023/06/06/202306061121574981938.jpg,"夏雨,李立群,谭凯,张国柱,张奕聪"
黑衣人3,https://2img.hitv.com/preview/sp_images/2023/12/14/202312141747411033067.jpg,"威尔·史密斯,汤米·李·琼斯,乔什·布洛林,杰梅奈·克莱门特,艾玛·汤普森,尼可·斯彻金格,爱丽丝·伊芙,大卫·拉斯彻,比尔·哈德尔,迈克尔·斯图巴"
无名,https://2img.hitv.com/preview/sp_images/2023/01/16/202301161423244541071.jpg,"梁朝伟,王一博,周迅,黄磊,森博之,大鹏,王传君,江疏影,张婧仪"
本姑娘不奉陪了,https://2img.hitv.com/preview/sp_images/2021/10/18/202110181453154201151.jpg,"丞磊,陈露茜,张鹏欣"
不想和你有遗憾,https://2img.hitv.com/preview/sp_images/2024/11/13/202411131623501209210.jpg,"丞磊,索微,罗昭东,栾蕾英"
大明锦衣之暗夜风云,https://3img.hitv.com/preview/sp_images/2021/12/14/202112141539498554751.jpg,"林枫松,廖慧佳,千喆,朱俊麟"
太极2：英雄崛起,https://2img.hitv.com/preview/sp_images/2021/07/06/202107061057340099866.jpg,"梁家辉,袁晓超,杨颖,彭于晏,冯绍峰,谢欣颖,冯淬帆,吴迪,熊乃瑾,申思,英达,冯德伦,彼得·斯特曼,袁文康,谢贤,元彪,吴彦祖,陈思诚"
别惹白鸽之她的秘密,https://0img.hitv.com/preview/sp_images/2022/03/07/202203071449568231355.jpg,"王玥兮,周楚濋,董畅"
不速来客,https://4img.hitv.com/preview/sp_images/2021/11/23/202111231446416762434.jpg,"范伟,窦骁,张颂文,朱珠"
夏洛特烦恼,https://0img.hitv.com/preview/internettv/sp_images/ott/2020/4/30/dianying/117214/20200430095137352-new.jpg,"沈腾,马丽,尹正,王智,田雨,宋阳,常远,李萍,艾伦,李立群,张一鸣"
七月与安生,https://2img.hitv.com/preview/internettv/sp_images/ott/2019/1/28/dianying/297788/20190128102255059-new.jpg,"周冬雨,马思纯,李程彬"
新神榜：哪吒重生,https://4img.hitv.com/preview/sp_images/2021/05/10/202105101151584036820.jpg,哪吒
我的遗憾和你有关,https://2img.hitv.com/preview/sp_images/2022/10/31/202210311559299589000.jpg,"何蓝逗,曹煜辰,梁颂晴"
单身男女2,https://i4.hitv.com/p1/20151114/1418357297C.jpg,"古天乐,杨千嬅,高圆圆,周渝民,吴彦祖,林雪"
羞羞的铁拳,https://3img.hitv.com/preview/internettv/sp_images/ott/2017/dianying/316670/20170713101708009-new.jpg,"艾伦,马丽,沈腾,田雨,宋阳,薛皓文,常远"
山楂树之恋,https://3img.hitv.com/preview/internettv/sp_images/ott/2020/4/14/dianying/8183/20200414151837372-new.jpg,"周冬雨,窦骁,奚美娟,高叶"
最好的相遇,https://0img.hitv.com/preview/sp_images/2024/03/13/202403131418534877586.jpg,"金世佳,邱泽,张钧甯,姜珮瑶,刘文治"
大宋少年志2 速看版,https://0img.hitv.com/preview/sp_images/2024/02/06/202402061430571724251.jpg,"张新成,周雨彤,郑伟,王佑硕,苏晓彤,付伟伦"
巴啦啦小魔仙大电影,https://0img.hitv.com/preview/sp_images/2023/04/17/202304171007193432760.jpg,"廖景萱,袁奇峰,王慧,周雨彤"
李茂扮太子,https://2img.hitv.com/preview/sp_images/2021/12/21/202112211033124243372.jpg,"马丽,常远,艾伦,魏翔,王成思,杜晓宇,冯秦川,李海银,克拉拉,刘冠麟,宋小宝,张一鸣,黄才伦"
七人乐队,https://2img.hitv.com/preview/sp_images/2022/08/24/202208241730595806006.jpg,"吴镇宇,任达华,龚慈恩,元华,洪天明,张达明,胡子彤,林恺铃"
有你真好！,https://1img.hitv.com/preview/sp_images/2024/04/07/202404071042348955486.jpg,"郝蕾,马苏,杨坤,黄景行,陆思恒, 布布,方青卓,刘頔,熊晓雯"
刺猬索尼克3,https://3img.hitv.com/preview/sp_images/2024/08/28/202408281018591138419.jpg,"金·凯瑞,詹姆斯·麦斯登"
江照黎明 速看版,https://1img.hitv.com/preview/sp_images/2024/01/25/202401251421511546111.jpg,"马思纯,白客,刘凯,张瑶,高旭阳"
电影好爆 2024,https://2img.hitv.com/preview/sp_images/2024/04/11/202404111053005628054.jpg,
精灵旅社2,https://3img.hitv.com/preview/sp_images/2021/12/02/202112021641554068023.jpg,"亚当·桑德勒,安迪·萨姆伯格,赛琳娜·戈麦斯,凯文·詹姆斯,大卫·斯佩德"
奔跑吧！兄弟,https://4img.hitv.com/preview/internettv/sp_images/ott/2020/5/27/dianying/128852/20200527102503651-new.jpg,"杨颖,王宝强,李晨,陈赫,郑恺,王祖蓝,谢依霖,熊黛林,郭京飞,伊一"
封神第二部：战火西岐,https://3img.hitv.com/preview/sp_images/2024/12/18/202412181428585359389.jpg,"黄渤,于适,那尔那茜,陈牧驰,费翔,娜然,此沙,武亚凡,夏雨,韩鹏翼,夏雨"
兄长大人，解约吧！ 电影版,https://2img.hitv.com/preview/sp_images/2023/02/08/202302081724573993424.jpg,"丞磊,郑妙,牛鑫"
小倩,https://3img.hitv.com/preview/sp_images/2024/12/04/202412041013421539353.jpg,
鼠胆英雄,https://1img.hitv.com/preview/internettv/sp_images/ott/2019/4/8/dianying/329137/20190408092940736-new.jpg,"岳云鹏,佟丽娅,田雨,袁弘,韩童生"
姜子牙,https://0img.hitv.com/preview/internettv/sp_images/ott/2019/12/11/dianying/335234/20191211200040748-new.jpg,姜子牙
奇门遁甲,https://4img.hitv.com/preview/internettv/sp_images/ott/2017/dianying/318877/20171222111258362-new.jpg,"大鹏,倪妮,李治廷,周冬雨,伍佰,柳岩"
法医秦明之无声的证词 速看版,https://4img.hitv.com/preview/sp_images/2021/12/21/202112211457542572505.jpg,"张雨剑,周雨彤,袁昊,肖燃,王余阳,李舒桐,赵芮玉,应昊茗,李艺彤,张雅卓"
侏罗纪世界,https://4img.hitv.com/preview/sp_images/2020/08/03/20200803175205834.jpg,"克里斯·普拉特,朱迪·格雷尔,文森特·多诺费奥"
哆啦A梦：大雄的地球交响乐 普通话版,https://3img.hitv.com/preview/sp_images/2024/03/29/202403291053337426167.jpg,"哆啦A梦,野比大雄"
蜡笔小新：新次元！超能力大决战 普通话版,https://1img.hitv.com/preview/sp_images/2024/04/02/202404021441184849324.jpg,蜡笔小新
哥斯拉大战金刚2：帝国崛起,https://1img.hitv.com/preview/sp_images/2024/07/05/202407050952564459879.jpg,"布莱恩·泰里·亨利,丹·史蒂文斯,丽贝卡·豪尔"
只是一次偶然的旅行,https://2img.hitv.com/preview/sp_images/2020/12/23/20201223104222045.jpg,"窦靖童,贺开朗"
汪汪队立大功大电影2：超能大冒险,https://4img.hitv.com/preview/sp_images/2023/06/13/202306130932508311089.jpg,
倭寇的踪迹,https://3img.hitv.com/preview/sp_images/2021/05/25/202105251448038061806.jpg,"于承惠,宋洋,赵圆圆"
一闪一闪亮星星,https://2img.hitv.com/preview/sp_images/2023/08/23/202308231708235891667.jpg,"屈楚萧,张佳宁"
这个杀手不太冷静,https://1img.hitv.com/preview/sp_images/2021/12/17/202112171750054576195.jpg,"马丽,魏翔"
阳光劫匪,https://4img.hitv.com/preview/sp_images/2021/03/25/20210325141936145.jpg,"马丽,宋佳,张海宇,Tizzy T,曾志伟,沙溢,杨迪,詹瑞文"
哆啦A梦：大雄的地球交响乐,https://2img.hitv.com/preview/sp_images/2024/10/15/202410151443480224923.jpg,"哆啦A梦,野比大雄"
新喜剧之王,https://0img.hitv.com/preview/internettv/sp_images/ott/2019/3/9/dianying/328000/20190309145111291-new.jpg,"王宝强,鄂靖文,景如洋,张全蛋"
外太空的莫扎特,https://2img.hitv.com/preview/sp_images/2022/05/20/202205201015266113364.jpg,"黄渤,荣梓杉,姚晨,范伟,梅婷"
双面太子妃,https://1img.hitv.com/preview/sp_images/2022/07/14/202207141117002335807.jpg,"丞磊,柯颖,石光"
末路狂花钱,https://1img.hitv.com/preview/sp_images/2024/06/07/202406071519531544997.jpg,"贾冰,谭卓,小沈阳,于洋,宝石Gem"
贺先生的恋恋不忘 速看版,https://2img.hitv.com/preview/sp_images/2021/09/27/202109271602243193051.jpg,"魏哲鸣,胡意旋,盛蕙子,虞祎杰,史卿妍,吴崇轩"
乌海,https://3img.hitv.com/preview/sp_images/2020/09/24/20200924104915182.jpg,"黄轩,杨子姗,涂们"
名侦探柯南：百万美元的五棱星,https://4img.hitv.com/preview/sp_images/2024/08/06/202408061526368554422.jpg,
封神第一部,https://0img.hitv.com/preview/sp_images/2023/06/06/202306061049262389049.jpg,"费翔,李雪健,黄渤,于适,陈牧驰,娜然,此沙,武亚凡,夏雨,袁泉,王洛勇,侯雯元,黄曦彦,李昀锐,杨玏"
天下无贼,https://i2.hitv.com/p1/20140718/1519502580C.jpg,"刘德华,刘若英,葛优,王宝强,李冰冰,张涵予,张晞临"
变形金刚：起源,https://2img.hitv.com/preview/sp_images/2024/04/19/202404191112513344504.jpg,"克里斯·海姆斯沃斯,布莱恩·泰里·亨利,斯嘉丽·约翰逊,史蒂夫·布西密,劳伦斯·菲什伯恩,乔恩·哈姆"
猪猪侠之终极决战大电影,https://4img.hitv.com/preview/sp_images/2022/01/13/202201131847158706374.jpg,"猪猪侠,菲菲"
脑洞大开,https://1img.hitv.com/preview/sp_images/2024/11/11/202411112054004196145.jpg,"何欢,王迅,克拉拉,卜钰,孙越,九孔,李小胖"
我们和《金刚川》,https://0img.hitv.com/preview/sp_images/2021/01/21/20210121150805812.jpg,"管虎,郭帆,路阳,张译,吴京,魏晨,李九霄,邓超"
盟军敢死队,https://3img.hitv.com/preview/sp_images/2024/05/13/202405131512496876129.jpg,"亨利·卡维尔,艾莎·冈萨雷斯,阿兰·里奇森,亚历克斯·帕蒂弗,赫洛·费因斯-提芬,蒂尔·施威格,亨利·戈尔丁,加利·艾尔维斯"
名侦探柯南：绯色的子弹,https://2img.hitv.com/preview/sp_images/2021/04/07/20210407115057499.jpg,江户川柯南
十二星座离奇事件,https://3img.hitv.com/preview/sp_images/2022/01/14/202201142027090628700.jpg,"佟大为,甘薇,秦昊,乔任梁,柳岩"
魔镜3D,https://4img.hitv.com/preview/internettv/sp_images/ott/2016/dianying/118816/20160802094800980-new.jpg,"孙坚,周泓,金恩圣,李彩英"
说走就走之不说再见,https://4img.hitv.com/preview/internettv/sp_images/ott/2018/dianying/325451/20180731142648927-new.jpg,"牛骏峰,白举纲,吴谨言,叮当,赵浩闳"
遇见喵星人,https://2img.hitv.com/preview/internettv/sp_images/ott/2021/8/3/dianying/384255/20210803100724469-new.jpg,"艾伦,王智,黄才伦"
地雷战,https://3img.hitv.com/preview/sp_images/2021/06/08/202106080959388859942.jpg,"白大均,董元夫,张长瑞"
风平浪静,https://4img.hitv.com/preview/sp_images/2020/07/28/20200728100617485.jpg,"章宇,宋佳,王砚辉,李鸿其,邓恩熙"
合法伴侣,https://0img.hitv.com/preview/internettv/sp_images/ott/2020/1/21/dianying/336286/20200121141254165-new.jpg,"李治廷,张榕容,白客,鲁珀特·格雷夫斯,周韦彤"
非诚勿扰2,https://i1.hitv.com/p1/20140718/1806344314C.jpg,"葛优,舒淇,孙红雷,姚晨,安以轩,邵兵,廖凡,邬逸聪,张馨予"
婚前故事,https://4img.hitv.com/preview/sp_images/2020/12/22/20201222172503332.jpg,"韩雪,魏大勋,于文霞,韩文亮,童苡萱,罗伟"
寻龙夺宝,https://1img.hitv.com/preview/sp_images/2024/07/23/202407231823496869474.jpg,"萨姆·尼尔,王姬,陈小春,罗伯特·马萌"
韫色过浓 速看版,https://1img.hitv.com/preview/sp_images/2021/07/14/202107140933162847949.jpg,"张予曦,丁禹兮,完颜洛绒,吴恙,林昕宜,张垚,师铭泽"
念念相忘,https://3img.hitv.com/preview/sp_images/2022/11/14/202211140927011919237.jpg,"刘浩存,宋威龙,卜冠今,郭丞"
夜宴,https://i1.hitv.com/p1/20140718/161817258C.jpg,"葛优,章子怡,吴彦祖,周迅,黄晓明,马精武"
侠盗联盟,https://3img.hitv.com/preview/internettv/sp_images/ott/2018/12/27/dianying/316982/20181227144241287-new.jpg,"刘德华,舒淇,杨祐宁,让·雷诺,张静初,沙溢,曾志伟"
哆啦A梦：大雄的宇宙小战争2021,https://4img.hitv.com/preview/sp_images/2022/11/07/202211071518084416972.jpg,"野比大雄,哆啦A梦"
热带往事,https://4img.hitv.com/preview/sp_images/2021/06/15/202106151005162851035.jpg,"彭于晏,张艾嘉,王砚辉,章宇,姜珮瑶,陈永忠,邓飞"
真·三国无双,https://3img.hitv.com/preview/sp_images/2021/04/30/202104301521587435827.jpg,"古天乐,王凯,古力娜扎,韩庚,吕良伟,杨祐宁"
摇滚藏獒：蓝色光芒,https://0img.hitv.com/preview/sp_images/2021/11/23/202111231048087569011.jpg,
绣花鞋,https://4img.hitv.com/preview/sp_images/2021/07/21/202107211748448893699.jpg,"林心如,莫小奇,叶子淇,惠英红,邢岷山"
大耳朵图图之美食狂想曲,https://4img.hitv.com/preview/internettv/sp_images/ott/2017/dianying/315812/20170602140608084-new.jpg,
名侦探柯南：零的执行人,https://0img.hitv.com/preview/internettv/sp_images/ott/2018/dianying/326295/20180920095621676-new.jpg,
野夏天,https://4img.hitv.com/preview/sp_images/2022/03/03/202203030956340538947.jpg,"陈嘉桦,耿乐,陈以文,黄瀞怡,夏侯云姗,詹牧"
吉祥如意,https://4img.hitv.com/preview/sp_images/2021/01/05/20210105113445003.jpg,"大鹏,刘陆"
猪猪侠大电影·海洋日记,https://1img.hitv.com/preview/sp_images/2022/08/04/202208041020139231974.jpg,猪猪侠
致命感应,https://4img.hitv.com/preview/sp_images/2024/07/19/202407191159296791100.jpg,"安娜贝拉·沃丽丝,杰克·阿贝尔,杰奎琳·麦根斯,佐伊·贝尔,迈克·门德兹,帕翠西娅·维拉奎兹,帕翠西娅·维拉奎兹"
出入平安,https://3img.hitv.com/preview/sp_images/2023/11/06/202311061118498573629.jpg,"肖央,阿云嘎,古力娜扎,杨恩又"
谍海风云,https://i4.hitv.com/p1/20140806/1739001225C.jpg,"周润发,巩俐,约翰·库萨克,渡边谦"
功夫熊猫,https://4img.hitv.com/preview/internettv/sp_images/ott/2016/dianying/290918/20160113175639573-new.jpg,"杰克·布莱克,达斯汀·霍夫曼,安吉丽娜·朱莉,大卫·克罗斯,塞斯·罗根"
欢乐喜剧人,https://4img.hitv.com/preview/internettv/sp_images/ott/2017/dianying/309048/20170314160108452-new.jpg,"郭德纲,岳云鹏,罗温·艾金森,张小斐"
蜘蛛侠,https://4img.hitv.com/preview/sp_images/2023/03/08/202303081123225944337.jpg,"托比·马奎尔,威廉·达福,克尔斯滕·邓斯特,詹姆斯·弗兰科"
狄仁杰之无头神将,https://0img.hitv.com/preview/sp_images/2024/02/27/202402270904326173895.jpg,"刘屹宸,孙振鹏"
济公之降龙降世,https://4img.hitv.com/preview/sp_images/2021/08/12/202108121031521726355.jpg,
刀尖,https://3img.hitv.com/preview/sp_images/2023/10/18/202310181110445596220.jpg,"张译,黄志忠,郎月婷,成泰燊,沙溢,高捷,金世佳,李淳,聂远,黄璐,曾梦雪,斯力更"
别叫我“赌神”,https://0img.hitv.com/preview/sp_images/2021/10/22/202110221110513266497.jpg,"周润发,袁咏仪,廖启智,方中信"
哆啦A梦：大雄的宇宙小战争2021 普通话版,https://3img.hitv.com/preview/sp_images/2022/11/07/202211071522248058370.jpg,"野比大雄,哆啦A梦"
世间有她,https://2img.hitv.com/preview/sp_images/2021/05/10/202105101435071929718.jpg,"周迅,郑秀文,易烊千玺,许娣,冯德伦"
绿皮书,https://1img.hitv.com/preview/sp_images/2022/04/14/202204141815256958564.jpg,"维果·莫特森,马赫沙拉·阿里"
史蒂文斯小姐,https://2img.hitv.com/preview/sp_images/2022/03/16/202203161154302232534.jpg,"提莫西·查拉梅,莉莉·拉贝,丽丽·莱因哈特,罗布·许贝尔"
海底小纵队：洞穴大冒险,https://1img.hitv.com/preview/internettv/sp_images/ott/2022/5/5/dianying/445863/20220505153625871-new.jpg,
中国乒乓之绝地反击,https://0img.hitv.com/preview/sp_images/2022/12/30/202212301058512562993.jpg,"邓超,孙俪,许魏洲,段博文,蔡宜达,丁冠森,孙浠伦,阿如那,吴京,梁超,俞灏明"
烽火芳菲,https://0img.hitv.com/preview/internettv/sp_images/ott/2017/dianying/317896/20170831105551085-new.jpg,"刘亦菲,严屹宽,余少群"
狗眼看人心,https://3img.hitv.com/preview/internettv/sp_images/ott/2019/5/24/dianying/328645/20190524172620896-new.jpg,"黄磊,闫妮,汤唯,韩童生,崔新琴,果靖霖"
太极1：从零开始,https://4img.hitv.com/preview/sp_images/2021/07/02/202107021607462065348.jpg,"袁晓超,梁家辉,杨颖,彭于晏,冯绍峰,舒淇,刘伟强,谢欣颖,熊乃瑾"
喜羊羊与灰太狼之飞马奇遇记,https://1img.hitv.com/preview/internettv/sp_images/ott/2016/dongman/46266/20160413155619564-new.jpg,喜羊羊
热血合唱团,https://3img.hitv.com/preview/sp_images/2020/10/22/20201022092000098.jpg,"刘德华,卢冠廷,雷颂德,鄂靖文,吴岱融,谢君豪,王智骞,李丽珍"
平原游击队,https://2img.hitv.com/preview/sp_images/2023/03/14/202303141112019292409.jpg,"郭振清,张莹,王恩启,方化,徐连凯,杜德夫"
我和我的祖国,https://4img.hitv.com/preview/internettv/sp_images/ott/2019/12/13/dianying/328884/20191213183727477-new.jpg,"黄渤,张译,杜江,葛优,刘昊然,宋佳,王千源,任素汐,吴京,朱一龙,王东,陈飞宇,佟丽娅,欧豪,张嘉益,惠英红,龚蓓苾,田壮壮,韩东君,周冬雨,辛柏青,任达华,江珊,王砚辉,韩昊霖"
特种部队2：全面反击,https://1img.hitv.com/preview/sp_images/2024/03/07/202403071016065357409.jpg,"道恩·强森,布鲁斯·威利斯,卢克·布雷西"
深夜食堂 2019,https://4img.hitv.com/preview/internettv/sp_images/ott/2018/dianying/323821/20180502120728506-new.jpg,"梁家辉,邓超,刘涛,彭于晏,焦俊艳,杨祐宁,魏晨,郑欣宜"
笔仙惊魂3,https://i3.hunantv.com/p1/20150210/1520198757C.jpg,"付曼,卡卡,余心恬,郭艳,郭鑫"
宝可梦：皮卡丘和可可的冒险,https://2img.hitv.com/preview/sp_images/2021/08/20/202108201103559464359.jpg,"小智,皮卡丘"
金牌主簿 速看版,https://0img.hitv.com/preview/sp_images/2024/07/12/202407121048124665447.jpg,"扈帷,周微微,周宇航,王俊人,刘屹宸"
起源,https://3img.hitv.com/preview/sp_images/2024/12/03/202412030923439646033.jpg,"楚库·莫杜,萨菲娅·奥克里·格林"
哥斯拉大战金刚2：帝国崛起 普通话版,https://1img.hitv.com/preview/sp_images/2024/07/05/202407050958287337650.jpg,"布莱恩·泰里·亨利,丹·史蒂文斯,丽贝卡·豪尔"
钢铁意志,https://3img.hitv.com/preview/sp_images/2024/05/27/202405271652376601407.jpg,"刘烨,韩雪,林永健,张国强,李沛恩,吴军,冯国庆,赵晓明,田征,苏丽,董春辉,何杜娟"
未来机器城,https://3img.hitv.com/preview/internettv/sp_images/ott/2018/dianying/324872/20180622100618903-new.jpg,"冯远征,石班瑜,涂松岩"
神偷奶爸3,https://2img.hitv.com/preview/sp_images/2023/11/07/202311071829573561840.jpg,小黄人
夜孔雀,https://2img.hitv.com/preview/internettv/sp_images/ott/2018/12/6/dianying/292538/20181206113856272-new.jpg,"刘亦菲,刘烨,余少群,黎明"
进击的皇后2 电影版,https://0img.hitv.com/preview/sp_images/2024/04/28/202404281604525957266.jpg,"王路晴,丞磊,尚思丞,马小钦"
一直一直都很喜欢你,https://2img.hitv.com/preview/sp_images/2022/07/13/202207131203008332679.jpg,"周依然,吴念轩,汤加文,吴彦姝,谢治勋"
冰果,https://4img.hitv.com/preview/sp_images/2022/03/16/202203161145575655297.jpg,"山崎贤人,广濑爱丽丝,冈山天音,本乡奏多"
帕丁顿熊3：秘鲁大冒险,https://2img.hitv.com/preview/sp_images/2024/11/28/202411281610103177636.jpg,"本·威士肖,奥利维娅·科尔曼,艾米莉·莫迪默"
饥饿游戏：鸣鸟与蛇之歌,https://4img.hitv.com/preview/sp_images/2023/11/03/202311031124514457625.jpg,"瑞秋·齐格勒,汤姆·布莱斯,亨特·谢弗"
金手指,https://1img.hitv.com/preview/sp_images/2023/03/14/202303141541199155068.jpg,"梁朝伟,刘德华,蔡卓妍,任达华,方中信,周家怡,姜皓文,太保,陈家乐,钱嘉乐,李靖筠"
东北虎,https://0img.hitv.com/preview/sp_images/2021/12/30/202112301056303176166.jpg,"章宇,马丽,张志勇,徐刚,郭月,薛宝鹤"
沉默的证人,https://1img.hitv.com/preview/internettv/sp_images/ott/2018/12/24/dianying/322834/20181224164107949-new.jpg,"张家辉,杨紫,任贤齐"
鬼吹灯之九层妖塔,https://1img.hitv.com/preview/sp_images/2024/07/24/202407241002571297788.jpg,"赵又廷,姚晨,凤小岳,李晨,唐嫣,冯瓅,李光洁,吴军,王德顺,何佳宣"
欲念游戏,https://0img.hitv.com/preview/internettv/sp_images/ott/2019/5/17/dianying/326750/20190517110353564-new.jpg,"姜潮,张子枫,郭涛,梅婷,王迅,宋佳"
神奇马戏团之动物饼干,https://2img.hitv.com/preview/internettv/sp_images/ott/2019/4/3/dianying/323754/20190403174947046-new.jpg,"艾米莉·布朗特,约翰·卡拉辛斯基,伊恩·麦克莱恩,西尔维斯特·史泰龙,丹尼·德维托"
廉政风云,https://1img.hitv.com/preview/internettv/sp_images/ott/2019/3/22/dianying/327237/20190322091916566-new.jpg,"刘青云,张家辉,林嘉欣,方中信,汤怡,袁咏仪,陈家乐"
环海战记,https://3img.hitv.com/preview/sp_images/2024/08/14/202408141104187707504.jpg,"王哲,王斌"
黄雀在后！,https://0img.hitv.com/preview/sp_images/2024/03/06/202403060953520966690.jpg,"冯绍峰,陶虹,黄觉,张海宇,苏鑫,黄梦莹,涂松岩,陈禹同"
你想活出怎样的人生 普通话版,https://0img.hitv.com/preview/sp_images/2024/11/13/202411131146112579311.jpg,
缉魂,https://2img.hitv.com/preview/sp_images/2020/12/07/20201207135228502.jpg,"张震,张钧甯,孙安可,李铭顺,张柏嘉"
不二兄弟,https://4img.hitv.com/preview/sp_images/2023/02/08/202302080959225114317.jpg,"李茂,林哲熹,何泓姗,巴图,李梦"
超时空同居,https://0img.hitv.com/preview/internettv/sp_images/ott/2018/dianying/323319/20180912005328329-new.jpg,"雷佳音,佟丽娅,徐峥"
保持沉默,https://3img.hitv.com/preview/internettv/sp_images/ott/2019/9/21/dianying/293929/20190921003446019-new.jpg,"周迅,吴镇宇,祖峰"
被光抓走的人,https://3img.hitv.com/preview/internettv/sp_images/ott/2019/10/29/dianying/333512/20191029101504518-new.jpg,"黄渤,王珞丹,谭卓,白客,黄璐,文淇,宋春丽,焦俊艳,李嘉琪,丁溪鹤,吕星辰,黄觉,李倩,王菊,李诞,曹炳琨,田壮壮"
通往春天的列车,https://2img.hitv.com/preview/internettv/sp_images/ott/2020/10/21/dianying/341956/20201021163349509-new.jpg,"李岷城,任素汐,陈宇星"
只有芸知道,https://0img.hitv.com/preview/internettv/sp_images/ott/2019/10/23/dianying/333418/20191023093015283-new.jpg,"黄轩,杨采钰,徐帆,莉迪亚·佩克汉"
航海王：红发歌姬,https://3img.hitv.com/preview/sp_images/2023/05/26/202305261544547492387.jpg,路飞
日常幻想指南,https://4img.hitv.com/preview/sp_images/2021/09/30/202109301653361514203.jpg,"王彦霖,焦俊艳,高捷,闵健,林更新,包贝尔,张海宇"
跳舞吧！大象,https://3img.hitv.com/preview/internettv/sp_images/ott/2019/8/13/dianying/329632/20190813103556700-new.jpg,"艾伦,金春花,彭杨,宋楠惜"
又是充满希望的一天,https://3img.hitv.com/preview/sp_images/2024/09/24/202409241005334993027.jpg,"宋宁峰,张歆艺,郭柯宇,孙之鸿,刘奕铁,刘亦然,石纯子"
出拳吧，妈妈,https://2img.hitv.com/preview/sp_images/2022/04/24/202204240938125062800.jpg,"谭卓,田雨,田海蓉"
回廊亭,https://4img.hitv.com/preview/sp_images/2023/02/24/202302241646241132422.jpg,"任素汐,刘敏涛,胡可,吴昊宸,张隽溢,李传缨,芦芳生,汤敏,王宫良"
找到你,https://4img.hitv.com/preview/internettv/sp_images/ott/2018/dianying/324528/20180919110957260-new.jpg,"姚晨,马伊琍,袁文康,吴昊宸,陶昕然,高叶,齐襄"
沙丘2,https://0img.hitv.com/preview/sp_images/2023/05/04/202305041104076736077.jpg,"提莫西·查拉梅,丽贝卡·弗格森,奥斯汀·巴特勒,蕾雅·赛杜,哈维尔·巴登,斯特兰·斯卡斯加德,乔什·布洛林,戴夫·巴蒂斯塔,克里斯托弗·沃肯,蒂姆·布雷克·尼尔森,夏洛特·兰普林"
哈利·波特与魔法石,https://3img.hitv.com/preview/internettv/sp_images/ott/2018/dianying/7198/20180511095247793-new.jpg,"丹尼尔·雷德克里夫,鲁伯特·格林特,艾玛·沃特森"
浴血无名·奔袭,https://0img.hitv.com/preview/sp_images/2023/09/21/202309211111099654974.jpg,"任天野,宋佳伦,罗立群,娄宇健"
新神榜：杨戬,https://4img.hitv.com/preview/sp_images/2022/04/18/202204180955482676264.jpg,
好好生活 速看版,https://4img.hitv.com/preview/sp_images/2024/06/18/202406181703427499185.jpg,"林雨申,蔡文静,邹廷威,涂冰,姜妍,程怡"
无价之宝,https://0img.hitv.com/preview/sp_images/2023/04/04/202304041051330439378.jpg,"张译,潘斌龙,郝蕾"
敢死队4：最终章,https://4img.hitv.com/preview/sp_images/2024/01/02/202401021755479637880.jpg,"杰森·斯坦森,梅根·福克斯,杜夫·龙格尔,托尼·贾"
送你一朵小红花,https://3img.hitv.com/preview/sp_images/2020/10/13/20201013112645512.jpg,"易烊千玺,刘浩存,朱媛媛,高亚麟,夏雨"
叶问3,https://4img.hitv.com/preview/internettv/sp_images/ott/2016/dianying/129310/20160427100037328-new.jpg,"甄子丹,熊黛林,张晋,迈克·泰森,喻亢"
装腔启示录 速看版,https://2img.hitv.com/preview/sp_images/2024/07/17/202407171626400439665.jpg,"蔡文静,韩东君,耿乐,包上恩,代云帆"
白蛇2：青蛇劫起,https://1img.hitv.com/preview/sp_images/2021/06/07/202106071014082859944.jpg,
英雄连,https://4img.hitv.com/preview/sp_images/2021/04/14/202104141842143816063.jpg,"付辛博,董琦,李感,孙浩涪,刘之冰,何政军,赵小锐"
叶问外传：张天志,https://3img.hitv.com/preview/internettv/sp_images/ott/2018/dianying/326060/20180910164540225-new.jpg,"张晋,戴夫·巴蒂斯塔,柳岩,杨紫琼,托尼·贾"
误判,https://3img.hitv.com/preview/sp_images/2024/09/06/202409061144476048101.jpg,"甄子丹,张智霖"
云南虫谷,https://0img.hitv.com/preview/internettv/sp_images/ott/2018/11/23/dianying/324267/20181123155605081-new.jpg,"成泰燊,马浴柯,顾璇,蔡珩,于恒"
天气预爆,https://2img.hitv.com/preview/internettv/sp_images/ott/2019/1/22/dianying/326985/20190122165748825-new.jpg,"肖央,杜鹃,王小利,常远,小沈阳,岳云鹏"
哥，你好,https://1img.hitv.com/preview/sp_images/2022/09/11/202209111713178175058.jpg,"马丽,常远,魏翔,贾冰,韩彦博,张一鸣"
汪汪队立大功大电影,https://3img.hitv.com/preview/sp_images/2021/06/04/202106041012393535310.jpg,"伊恩·阿米蒂奇,雅拉·沙希迪,金·卡戴珊,兰道尔·朴,戴克斯·夏普德,吉米·坎摩尔,泰勒·派瑞"
妖猫传,https://4img.hitv.com/preview/internettv/sp_images/ott/2019/1/28/dianying/300033/20190128101015666-new.jpg,"黄轩,染谷将太,张雨绮,秦昊,阿部宽,刘昊然,欧豪,张天爱,张榕容,张鲁一"
年会不能停！,https://0img.hitv.com/preview/sp_images/2024/02/07/202402071508026867370.jpg,"大鹏,白客,庄达菲,王迅,孙艺洲,李乃文"
爱情，到此为止,https://3img.hitv.com/preview/sp_images/2024/07/31/202407311049379445642.jpg,"布蕾克·莱弗利,贾斯汀·贝尔杜尼,珍妮·斯蕾特,Tom Johnson"
谎言使用法则 电影版,https://3img.hitv.com/preview/sp_images/2023/02/08/202302081731382164612.jpg,"陈俊宇,牛玉坤,宣淏,石光,郭倩雯"
太极张三丰,https://1img.hitv.com/preview/sp_images/2024/07/11/202407112206174078003.jpg,"李连杰,杨紫琼,钱小豪"
遵命！我的老板娘,https://2img.hitv.com/preview/sp_images/2022/02/21/202202211556134527140.jpg,"李昶,高维蔓,戴相龙"
特殊身份,https://4img.hitv.com/preview/sp_images/2023/07/20/202307201749020141564.jpg,"甄子丹,景甜,安志杰,张涵予,郑中基,邹兆龙"
你是我的春天,https://3img.hitv.com/preview/sp_images/2022/07/22/202207221729500916089.jpg,"周冬雨,尹昉,宋小宝,潘斌龙,王景春,赵今麦,杨斯,黄晓明,宋佳,郑罗茜,曾梦雪,李乃文,吴彦姝,赵亮"
三体,https://4img.hitv.com/preview/internettv/sp_images/ott/2019/1/30/dianying/328312/20190130181946452-new.jpg,"冯绍峰,张静初,吴刚,唐嫣,杜淳,张翰"
检察风云,https://2img.hitv.com/preview/sp_images/2021/12/27/202112271042518402645.jpg,"黄景瑜,白百何,王丽坤,王千源,包贝尔"
芭比 2023,https://2img.hitv.com/preview/sp_images/2023/06/19/202306191516175143889.jpg,"玛格特·罗比,瑞恩·高斯林,海伦·米伦,亚美莉卡·费雷拉"
城内公主城外仙,https://2img.hitv.com/preview/sp_images/2021/11/22/202111222122148879245.jpg,"陈露茜,袁志颖,张鹏欣"
钟馗伏魔：雪妖魔灵,https://4img.hitv.com/preview/internettv/sp_images/ott/2016/dianying/109822/20160622103519233-new.jpg,"陈坤,李冰冰,赵文瑄,杨子姗,包贝尔,吉克隽逸"
惊天救援,https://0img.hitv.com/preview/sp_images/2022/03/15/202203151048525509831.jpg,"杜江,王千源,佟丽娅,韩雪,俞灏明,韩东君,王戈,印小天,罗嘉良,苏岩,丁海峰,胡军,蒋梦婕,伊丽媛,张扬,郑中玉,孙书博,张勋,赵滨,马瑶瑶,李钰"
你咪理，我爱你！,https://1img.hitv.com/preview/internettv/sp_images/ott/2019/7/15/dianying/330533/20190715163610477-new.jpg,"王祖蓝,曾志伟,郑恺,毛舜筠,王菀之,郑秀文,容祖儿,余安安,杜丽莎"
疯狂的麦克斯：狂暴女神,https://0img.hitv.com/preview/sp_images/2024/05/17/202405171451100081716.jpg,"安雅·泰勒-乔伊,克里斯·海姆斯沃斯,汤姆·伯克,约翰·霍华德,埃尔莎·帕塔奇,乔什·赫尔曼,大卫·菲尔德"
那个重逢的夜晚 速看版,https://0img.hitv.com/preview/sp_images/2024/07/17/202407170913440471743.jpg,"景研竣,石杭鹭,王泽轩,马嘉铭"
双面神探 速看版,https://3img.hitv.com/preview/sp_images/2022/06/13/202206131640332675848.jpg,"林雨申,刘怡潼,罗予彤,龙政璇,丹琳,甄子琦,刘奕君"
立春,https://2img.hitv.com/preview/sp_images/2023/11/28/202311281806347338598.jpg,"蒋雯丽,张瑶,李光洁,焦刚,董璇,吴国华"
潜行,https://2img.hitv.com/preview/sp_images/2024/03/15/202403151558426377806.jpg,"刘德华,林家栋,彭于晏,刘雅瑟,任达华,林雪,郑则仕,姜皓文,谈善言,朱鉴然"
时光与你都很甜 速看版,https://3img.hitv.com/preview/sp_images/2021/04/28/202104281626355741293.jpg,"吕小雨,孙泽源,王晴,敖瑞鹏,孙镇洋,林昕宜"
那年夏天的秘密 电影版,https://3img.hitv.com/preview/sp_images/2023/02/08/202302081758115136746.jpg,"黄子弘凡,杨霖,陈怡凡,刘柠昊,韩涛"
我的非凡父母,https://1img.hitv.com/preview/sp_images/2022/08/17/202208171018387371050.jpg,"惠英红,吴岱融,吴千语,杨天宇,陈贝儿"
解放·终局营救,https://1img.hitv.com/preview/internettv/sp_images/ott/2019/9/17/dianying/331836/20190917094504591-new.jpg,"钟汉良,周一围,钟楚曦,王迅,潘斌龙,王锵,姜皓文,乌兰托雅·朵,杨幂,郭麒麟,傅亨,尹子维,邵兵"
名侦探柯南：万圣节的新娘,https://3img.hitv.com/preview/sp_images/2023/03/14/202303141020253032605.jpg,江户川柯南
明天你是否依然爱我,https://4img.hitv.com/preview/sp_images/2020/09/24/20200924115620083.jpg,"杨颖,李鸿其"
小马宝莉：新世代 普通话版,https://4img.hitv.com/preview/sp_images/2023/02/28/202302281838297747546.jpg,小马宝莉
铤而走险,https://3img.hitv.com/preview/internettv/sp_images/ott/2019/5/30/dianying/329939/20190530095845202-new.jpg,"大鹏,欧豪,曹炳琨,沙宝亮,曹卫宇,张宁江,夏恩,乌兰托雅朵,李梦"
覆流年 速看版,https://1img.hitv.com/preview/sp_images/2024/04/26/202404261601080234305.jpg,"邢菲,翟子路,经超,牛子藩,王思懿,高旭阳,张婕,韩烨"
六世古宅,https://3img.hitv.com/preview/sp_images/2022/01/14/202201141226573801704.jpg,"徐娇,张兆辉,陆思宇"
神探大战,https://0img.hitv.com/preview/sp_images/2022/08/22/202208221812488293209.jpg,"刘青云,蔡卓妍,林峯,李若彤,谭凯,陈家乐,汤怡,何珮瑜,洪天明,车婉婉,斌子,马志威,杨天宇,胡子彤"
孤星计划,https://0img.hitv.com/preview/sp_images/2024/11/18/202411181102426617788.jpg,"王源,张雪迎,梁靖康,李晨,印小天"
日不落酒店,https://2img.hitv.com/preview/internettv/sp_images/ott/2018/dianying/326264/20180919101504812-new.jpg,"黄才伦,张慧雯,沈腾,高叶"
后来的我们,https://1img.hitv.com/preview/sp_images/2020/06/30/20200630152855512.jpg,"井柏然,周冬雨,田壮壮,施予斐"
大鱼海棠,https://3img.hitv.com/preview/internettv/sp_images/ott/2016/dianying/292920/20160419095732013-new.jpg,"季冠霖,许魏洲,金士杰,王德顺,姜广涛"
地球最后的夜晚,https://4img.hitv.com/preview/internettv/sp_images/ott/2018/dianying/324078/20180515145407791-new.jpg,"汤唯,黄觉,张艾嘉,李鸿其,陈永忠"
喜剧之王,https://2img.hitv.com/preview/internettv/sp_images/ott/2016/dianying/7916/20160930112235918-new.jpg,"周星驰,莫文蔚,张柏芝,吴孟达"
长沙夜生活,https://3img.hitv.com/preview/sp_images/2023/03/01/202303011025434228563.jpg,"尹昉,张婧仪,苏岩,吴昊宸,白宇帆,张艺兴,周冬雨,王栎鑫,吴军,罗钢"
住在我隔壁的甲方 速看版,https://0img.hitv.com/preview/sp_images/2022/05/20/202205201750474734947.jpg,"谢彬彬,王子璇,翟冠华,朱然,柯颖,刘哲珲,陈梦希"
绝地战警：生死与共,https://0img.hitv.com/preview/sp_images/2024/03/27/202403271016460916330.jpg,"威尔·史密斯,马丁·劳伦斯,亚历山大·路德韦格"
无负今日,https://3img.hitv.com/preview/sp_images/2022/08/15/202208151541047849743.jpg,"王劲松,乔振宇,刘芸,高伟光,曹磊,马书良,尹昉,艾东,孙茜,张露"
“大”人物,https://2img.hitv.com/preview/internettv/sp_images/ott/2019/2/28/dianying/326846/20190228181950100-new.jpg,"王千源,包贝尔,王迅,王砚辉,屈菁菁,周游,盖玥希,刘敏涛,梅婷,潘粤明,乔振宇"
超越,https://2img.hitv.com/preview/sp_images/2021/06/15/202106151034117983514.jpg,"郑恺,李昀锐,张榕容,曹炳琨,冯雷,李嘉琦,陆彭,李晨,张蓝心,金靖,郭铁城,田雨,范志毅,张殿伦"
不可思议的爱情 速看版,https://3img.hitv.com/preview/sp_images/2021/04/20/202104201705080104141.jpg,"范世錡,戚砚笛,查杰,王旭东,沈瑶,张楚萱"
催眠·裁决,https://2img.hitv.com/preview/sp_images/2022/10/14/202210140953436623785.jpg,"张家辉,张翰,秦沛,张兆辉,郑则仕"
沙丘,https://4img.hitv.com/preview/sp_images/2022/01/06/202201061736451458342.jpg,"丽贝卡·弗格森,奥斯卡·伊萨克,乔什·布洛林,斯特兰·斯卡斯加德,戴夫·巴蒂斯塔,大卫·达斯马齐连,张震,张震,张震,张震,夏洛特·兰普林,杰森·莫玛,哈维尔·巴登"
念念无明 电影版,https://1img.hitv.com/preview/sp_images/2023/02/08/202302081737285626190.jpg,"胡丹丹,杨泽,肖然心,王钧浩"
巴啦啦小魔仙之魔法的考验,https://4img.hitv.com/preview/sp_images/2023/04/17/202304170956094551817.jpg,"陈雨薇,赵今麦,刘黛希,王慧,徐可"
南征北战,https://3img.hitv.com/preview/sp_images/2023/03/14/202303141053502264189.jpg,"陈戈,汤化达,冯喆,王力,张瑞芳"
神谕通天,https://4img.hitv.com/preview/sp_images/2021/07/29/202107291619365488007.jpg,"夏文汐,陈嘉桓,欧阳超,张朋,关思慧,贾晓龙,张博楠,唐昕"
想见你,https://2img.hitv.com/preview/sp_images/2022/12/20/202212200940373009016.jpg,"柯佳嬿,许光汉,施柏宇,金世佳"
灿烂的她,https://1img.hitv.com/preview/sp_images/2024/01/18/202401181028001613523.jpg,"惠英红,刘浩存,张子贤,刘欢"
风语咒,https://0img.hitv.com/preview/internettv/sp_images/ott/2018/dianying/323718/20180425162930525-new.jpg,"路知行,阎萌萌,褚珺,边江,山新"
我的长沙夜生活,https://3img.hitv.com/preview/sp_images/2023/04/23/202304231556062378173.jpg,"尹昉,张婧仪,苏岩,白宇帆,张艺兴"
渡江侦察记,https://3img.hitv.com/preview/internettv/sp_images/ott/2017/dianying/107031/20171128143318623-new.jpg,"孙道临,康泰,齐衡,孙永平"
恐龙王,https://2img.hitv.com/preview/sp_images/2021/12/29/202112291856531714258.jpg,
杀生,https://0img.hitv.com/preview/sp_images/2021/07/13/202107131743107705081.jpg,"黄渤,任达华,苏有朋,余男,马精武,梁静,王迅"
机器人之梦,https://2img.hitv.com/preview/sp_images/2024/05/28/202405281051090761835.jpg,
四海,https://4img.hitv.com/preview/sp_images/2022/01/30/202201301014190586852.jpg,"刘昊然,刘浩存,沈腾,尹正,周奇,张宥浩,乔杉,冯绍峰,王彦霖,黄晓明,陈小春,万梓良,吴彦姝"
名侦探柯南：黑铁的鱼影,https://2img.hitv.com/preview/sp_images/2023/11/17/202311171036426136839.jpg,江户川柯南
我要我们在一起,https://0img.hitv.com/preview/sp_images/2021/05/14/202105141613131016655.jpg,"屈楚萧,张婧仪,张垚,孙宁"
盛夏未来,https://0img.hitv.com/preview/sp_images/2021/03/14/20210314121413394.jpg,"张子枫,吴磊,郝蕾"
我爱你！,https://2img.hitv.com/preview/sp_images/2023/07/19/202307191809191035017.jpg,"倪大红,惠英红,梁家辉,叶童"
别告诉她,https://4img.hitv.com/preview/sp_images/2021/09/08/202109081400523933868.jpg,"奥卡菲娜,马志,赵淑珍,林晓杰,姜永波"
胜券在握,https://4img.hitv.com/preview/sp_images/2024/12/24/202412241418259668793.jpg,"邓超,邓家佳,郑云龙,喻恩泰,张本煜,柯达,李乃文,杨皓宇,宁理,白客,刘循子墨,陈明昊,佟晨洁,小爱,裴魁山,李晓川,卜钰,张一杰,曲哲明,曲高位"
二手杰作,https://1img.hitv.com/preview/sp_images/2023/09/22/202309221108410403939.jpg,"于和伟,郭麒麟,倪虹洁,许恩怡,张子贤"
夜色暗涌时 速看版,https://2img.hitv.com/preview/sp_images/2022/04/25/202204250943338963451.jpg,"张予曦,刘学义,赵圆瑗,古子成,陈鹏万里,李子峰"
一点就到家,https://0img.hitv.com/preview/sp_images/2020/08/28/20200828102606669.jpg,"刘昊然,彭昱畅,尹昉"
铃芽之旅,https://0img.hitv.com/preview/sp_images/2023/10/24/202310241012164079677.jpg,
侏罗纪世界2,https://3img.hitv.com/preview/sp_images/2023/11/07/202311071808254063860.jpg,"克里斯·普拉特,布莱丝·达拉斯·霍华德,拉菲·斯波,托比·琼斯"
巨额来电,https://2img.hitv.com/preview/internettv/sp_images/ott/2019/1/3/dianying/321804/20190103151121181-new.jpg,"陈学冬,张孝全,桂纶镁,蒋梦婕,姜超,张兆辉,陈欣健,何华超"
奈何BOSS又如何 速看版,https://2img.hitv.com/preview/sp_images/2021/03/30/20210330184133161.jpg,"宣璐,赵志伟,刘胤君,王倩,刘宥畅,金沫汐"
汽车人总动员,https://1img.hitv.com/preview/sp_images/2022/01/13/202201131856382286378.jpg,
英雄虎胆,https://1img.hitv.com/preview/sp_images/2023/03/14/202303141530234636029.jpg,"王晓棠,于洋,张勇手"
回到过去拥抱你,https://3img.hitv.com/preview/internettv/sp_images/ott/2019/6/10/dianying/330072/20190610110520320-new.jpg,"侯明昊,彭昱畅,盖玥希,马可,黄龄"
海王2：失落的王国,https://3img.hitv.com/preview/sp_images/2023/11/10/202311101307205174529.jpg,"杰森·莫玛,帕特里克·威尔森,艾梅柏·希尔德,妮可·基德曼,叶海亚·阿卜杜勒-迈丁"
前任3：再见前任,https://2img.hitv.com/preview/internettv/sp_images/ott/2019/2/21/dianying/318237/20190221152625825-new.jpg,"韩庚,郑恺,于文文,曾梦雪,罗米"
新乌龙院,https://2img.hitv.com/preview/sp_images/2024/09/27/202409271712467351864.jpg,"郝劭文,释小龙,吴孟达,叶全真,张卫健,杨紫琼,郑少秋,苑琼丹"
那个不为人知的故事,https://1img.hitv.com/preview/sp_images/2024/10/17/202410171056410092087.jpg,"邱泽,郎月婷"
峰爆,https://1img.hitv.com/preview/sp_images/2021/08/11/202108111050465959618.jpg,"朱一龙,黄志忠,陈数,焦俊艳,成泰燊,王戈,卢思宇,洪剑涛,周晓鸥,斌子,孙一理,黄超,闫鹏,张国立,张译,白客,乔欣,李光洁,乔振宇,陶虹,章申,于莎莎"
草木人间,https://2img.hitv.com/preview/sp_images/2024/03/13/202403131130023491554.jpg,"吴磊,蒋勤勤,陈建斌,王佳佳"
妈妈咪鸭,https://3img.hitv.com/preview/internettv/sp_images/ott/2018/12/6/dianying/319569/20181206142535530-new.jpg,
爱很美味,https://0img.hitv.com/preview/sp_images/2023/01/18/202301181045076786086.jpg,"李纯,张含韵,王菊,任彬,尹浩宇"
新大头儿子和小头爸爸3：俄罗斯奇遇记,https://3img.hitv.com/preview/sp_images/2021/09/28/202109280945082795727.jpg,"金龟子,董浩,鞠萍"
西游记之大圣归来,https://i2.hitv.com/p1/20151114/1356305047C.jpg,"张磊,林子杰,吴文伦,童自荣,刘九容"
铁道英雄,https://1img.hitv.com/preview/internettv/sp_images/ott/2022/1/11/dianying/367660/20220111105507644-new.jpg,"张涵予,范伟,魏晨,周也,俞灏明"
我是真的讨厌异地恋,https://3img.hitv.com/preview/sp_images/2022/03/11/202203111440054813918.jpg,"任敏,辛云来,李孝谦,曹卫宇,张澍,周雨彤,陈宥维"
不能错过的只有你,https://1img.hitv.com/preview/sp_images/2023/03/14/202303141321292818885.jpg,"杨烁,李萌萌,刘流,艾如,熊睿玲,钟小丹"
千与千寻,https://1img.hitv.com/preview/internettv/sp_images/ott/2019/5/24/dianying/329845/20190524115325092-new.jpg,"柊瑠美,入野自由,中村彰男,夏木真理"
朝云暮雨,https://4img.hitv.com/preview/sp_images/2024/04/12/202404121421210392459.jpg,"范伟,周冬雨,宋佳,毛孩,范湉湉,杨皓宇,邓飞"
茶啊二中,https://2img.hitv.com/preview/sp_images/2023/04/27/202304271026455214346.jpg,
我亲爱的白月光 速看版,https://0img.hitv.com/preview/sp_images/2024/07/10/202407101103291497629.jpg,"柯颖,陈鑫海,宋昭艺,李柏言,佟亮"
龙虾刑警,https://0img.hitv.com/preview/internettv/sp_images/ott/2018/dianying/318945/20180720154505076-new.jpg,"袁姗姗,王千源,刘桦,周游,周云鹏"
了不起的夜晚,https://0img.hitv.com/preview/sp_images/2022/07/19/202207191118191436219.jpg,"范丞丞,蒋龙,蒋易,梁龙,孔连顺,蒋诗萌,许馨文,梦涵,齐羽嘉"
刺猬,https://0img.hitv.com/preview/sp_images/2022/01/19/202201190931050735619.jpg,"葛优,王俊凯"
我们一起摇太阳,https://2img.hitv.com/preview/sp_images/2024/05/22/202405221536114808922.jpg,"彭昱畅,李庚希,徐帆,高亚麟,刘丹"
虚颜 电影版,https://0img.hitv.com/preview/sp_images/2023/02/08/202302081729526203141.jpg,"柯颖,丞磊,王泽轩,宋昭艺"
维和防暴队,https://2img.hitv.com/preview/sp_images/2024/06/13/202406131134348294381.jpg,"黄景瑜,王一博,钟楚曦,谷嘉诚,印小天,冯文娟,孙伊涵"
唐人街探案,https://0img.hitv.com/preview/internettv/sp_images/ott/2016/dianying/120668/20160301145531617-new.jpg,"王宝强,刘昊然,佟丽娅,陈赫,肖央"
三生三世十里桃花,https://4img.hitv.com/preview/internettv/sp_images/ott/2019/1/24/dianying/299619/20190124155329914-new.jpg,"刘亦菲,杨洋,严屹宽,罗晋,李纯,顾璇,陈佩斯,彭子苏,王羽铮"
交换人生,https://2img.hitv.com/preview/sp_images/2022/07/27/202207271100197377655.jpg,"雷佳音,张小斐,张宥浩,刘敏涛"
流浪地球：飞跃2020特别版,https://0img.hitv.com/preview/sp_images/2020/11/24/20201124104017697.jpg,"屈楚萧,吴京,李光洁,吴孟达,赵今麦"
扫黑·决战,https://3img.hitv.com/preview/sp_images/2021/05/10/202105101532437806314.jpg,"姜武,张颂文,金世佳,李倩,赵毅,焦刚,尤勇,刘琳,白志迪,王丽云,钱波"
金刚川,https://2img.hitv.com/preview/sp_images/2021/05/10/202105101501136172468.jpg,"张译,吴京,李九霄,魏晨,邓超,杜江"
九条命,https://1img.hitv.com/preview/internettv/sp_images/ott/2019/10/24/dianying/333436/20191024094846951-new.jpg,"李幼斌,王挺,姜超,宋禹,张立,郝星棋,张振华,尹元章,沁坤,张浩然,赵祖楠"
人生大事,https://2img.hitv.com/preview/sp_images/2021/07/08/202107081544432173966.jpg,"朱一龙,杨恩又,王戈,刘陆,罗京民"
走走停停,https://1img.hitv.com/preview/sp_images/2024/03/28/202403281642054525969.jpg,"胡歌,高圆圆,岳红,周野芒,金靖,刘钧"
阳光姐妹淘 2021,https://1img.hitv.com/preview/sp_images/2021/04/14/20210414110729653.jpg,"殷桃,曾黎,倪虹洁,周洁琼,张歆艺,马苏,蒋小涵"
小伟,https://0img.hitv.com/preview/sp_images/2021/03/12/20210312170016606.jpg,"彭杏英,薛立贤,高翰文,郭尔君"
变形金刚：超能勇士崛起,https://4img.hitv.com/preview/sp_images/2023/07/19/202307191815201703733.jpg,"安东尼·拉莫斯,多米尼克·菲什巴克,朗·普尔曼"
奇妙能力哥,https://3img.hitv.com/preview/sp_images/2022/09/09/202209091801478631805.jpg,"王元虎,许慧强"
刮痧,https://0img.hitv.com/preview/sp_images/2024/07/30/202407301552460852631.jpg,"梁家辉,蒋雯丽,朱旭,斯蒂芬妮·沃格特"
青面修罗,https://2img.hitv.com/preview/sp_images/2022/05/11/202205112333088765172.jpg,"冯绍峰,胡军,许晴,金晨,王庆祥"
危城,https://0img.hitv.com/preview/internettv/sp_images/ott/2017/dianying/294230/20170315172920970-new.jpg,"刘青云,古天乐,彭于晏,袁泉,江疏影,廖启智,吴京,释彦能,姜皓文"
风中有朵雨做的云,https://0img.hitv.com/preview/internettv/sp_images/ott/2019/3/4/dianying/319446/20190304121646186-new.jpg,"井柏然,宋佳,马思纯,秦昊,陈妍希,张颂文"
狄仁杰之通天帝国,https://2img.hitv.com/preview/sp_images/2024/07/23/202407231827449949611.jpg,"刘德华,李冰冰,邓超,刘嘉玲,梁家辉"
熊出没·原始时代,https://0img.hitv.com/preview/internettv/sp_images/ott/2019/4/9/dianying/329169/20190409173706719-new.jpg,"熊大,熊二,光头强"
从21世纪安全撤离,https://4img.hitv.com/preview/sp_images/2024/07/23/202407231609286008150.jpg,"张若昀,钟楚曦,宋洋,吴晓亮,朱颜曼滋,李晨浩,温峥嵘,石凉,李卓钊"
猪猪侠之勇闯巨人岛,https://3img.hitv.com/preview/sp_images/2022/01/14/202201141105196303342.jpg,猪猪侠
开心超人2之启源星之战,https://2img.hitv.com/preview/internettv/sp_images/ott/2020/3/9/dongman/56095/20200309162614244-new.jpg,
封神之路,https://1img.hitv.com/preview/sp_images/2023/09/07/202309071507165395141.jpg,"乌尔善,芦苇,刘天池,叶锦添"
谈判专家,https://4img.hitv.com/preview/sp_images/2024/05/09/202405091042546659064.jpg,"刘青云,吴镇宇,苗侨伟,黄德斌"
叶问4,https://2img.hitv.com/preview/internettv/sp_images/ott/2019/12/10/dianying/326175/20191210180747395-new.jpg,"甄子丹,吴建豪,吴樾,斯科特·阿金斯,郑则仕,陈国坤"
奇迹·笨小孩,https://1img.hitv.com/preview/sp_images/2022/01/14/202201141115246679304.jpg,"易烊千玺,田雨,齐溪,公磊,许君聪,王传君,章宇,杨新鸣"
兔子暴力,https://4img.hitv.com/preview/sp_images/2021/07/15/202107151109392343570.jpg,"万茜,李庚希,黄觉,是安,潘斌龙"
欢迎来到我身边,https://3img.hitv.com/preview/sp_images/2024/06/07/202406071430331089424.jpg,"于适,王影璐,黄炎"
狼群,https://1img.hitv.com/preview/sp_images/2022/10/03/202210030935077751690.jpg,"张晋,李治廷,蒋璐霞,张衣,唐国忠,刘智满,叶浏"
我在他乡挺好的 速看版,https://2img.hitv.com/preview/sp_images/2024/04/01/202404011714218414518.jpg,"周雨彤,任素汐,孙千,白宇帆,马思超"
来福大酒店,https://4img.hitv.com/preview/sp_images/2024/05/13/202405131135209037728.jpg,"黄轩,柳岩,刘洋,张哲华,宝石Gem"
有一点动心,https://4img.hitv.com/preview/sp_images/2021/06/15/202106151907585756998.jpg,"言承旭,任素汐,柳岩,戚薇,连凯,汤加文"
折眉 电影版,https://4img.hitv.com/preview/sp_images/2024/09/27/202409271119246979565.jpg,"李若天,王俊笔,陈建宇,余逸蕾,曲靖"
戏杀,https://3img.hitv.com/preview/sp_images/2024/04/01/202404011725270825629.jpg,"贾冰,喻恩泰,蒋梦婕,刘桦,于洋,李倩"
紫棠,https://3img.hitv.com/preview/internettv/sp_images/ott/2019/1/15/dianying/327914/20190115112134667-new.jpg,"郑雅文,康宁"
名侦探柯南：万圣节的新娘 普通话版,https://1img.hitv.com/preview/sp_images/2022/11/09/202211091723590897134.jpg,江户川柯南
鬼吹灯之天星术,https://2img.hitv.com/preview/internettv/sp_images/ott/2019/8/20/dianying/331213/20190820103810056-new.jpg,"张涵予,姜武,卢靖姗"
鲨滩,https://0img.hitv.com/preview/sp_images/2022/01/20/202201201807530276823.jpg,"布莱克·莱弗利,布莱特·卡伦,奥斯卡·贾恩那达"
你的眼睛在追问,https://3img.hitv.com/preview/sp_images/2021/04/12/20210412171229430.jpg,"吉高由里子,横滨流星,田山凉成,野间口彻,风吹淳"
战斗吧！夫君,https://2img.hitv.com/preview/sp_images/2022/02/17/202202171506572132958.jpg,"王朝阳,余俪,戴相龙,李渔"
《刺猬》独家幕后纪录片,https://3img.hitv.com/preview/sp_images/2024/08/27/202408271007262248261.jpg,"葛优,王俊凯"
从结婚开始恋爱 精选版,https://1img.hitv.com/preview/internettv/sp_images/ott/2021/3/24/dianying/365034/20210324150501306-new.jpg,"周雨彤,龚俊,金泽,吴曼思"
漫长的告白,https://1img.hitv.com/preview/sp_images/2021/10/12/202110121042030044309.jpg,"倪妮,张鲁一,辛柏青,池松壮亮,中野良子"
窈窕老爹,https://0img.hitv.com/preview/sp_images/2023/04/06/202304060949250962554.jpg,"林雪,陈昊明,王成思,王宁"
全世界唯一的你 番外电影,https://2img.hitv.com/preview/sp_images/2021/09/16/202109161116036088156.jpg,"李政庭,杨了"
不老奇事,https://2img.hitv.com/preview/sp_images/2020/10/28/20201028112816202.jpg,"王传君,王珞丹,李婷婷,王啸坤,许伟豪"
航海王：强者天下,https://2img.hitv.com/preview/sp_images/2024/06/19/202406191435020881897.jpg,路飞
万有引力,https://4img.hitv.com/preview/sp_images/2021/09/27/202109271800011168554.jpg,"莫文蔚,张静初,郭涛,文章,白百何"
恋爱指南我指北 电影版,https://0img.hitv.com/preview/sp_images/2023/02/07/202302071838198508925.jpg,"李思奇,文渊,王祖一,吕妍,余衍隆"
为你千千万万遍 电影版,https://0img.hitv.com/preview/sp_images/2023/02/08/202302081734004449683.jpg,"方晓东,张昕懿,王思懿,李哲豪,赵泽帆,李嘉祥"
我的青春有个你,https://3img.hitv.com/preview/sp_images/2021/05/26/202105261128136872414.jpg,"王可如,刘冬沁,李欢,黄米依,谢治勋,包亚铭,安戈,王真儿,胡宇威,沈腾"
力量密码,https://3img.hitv.com/preview/sp_images/2023/05/17/202305171049568415723.jpg,"张桐,陈都灵,白恩,节冰"
完美先生和差不多小姐 速看版,https://1img.hitv.com/preview/internettv/sp_images/ott/2021/9/27/dianying/387484/20210927100248895-new.jpg,"魏哲鸣,徐若晗,代云帆,马歌,赵珞然,丁敬一,生港帅"
西游记之再世妖王,https://3img.hitv.com/preview/sp_images/2021/08/20/202108201657318552782.jpg,"孙悟空,猪八戒,唐僧,沙僧"
负负得正,https://3img.hitv.com/preview/sp_images/2024/07/31/202407311438410253539.jpg,"朱一龙,邱天,蒋奇明,朱珠,王一通,陈明昊,胡茂涛,李晓川,薛旭春,刘恩佳"
暴风,https://3img.hitv.com/preview/sp_images/2023/12/26/202312261705322935961.jpg,"陈伟霆,王千源,王龙正,王紫璇,尹正,钱波"
拆弹专家,https://3img.hitv.com/preview/internettv/sp_images/ott/2017/dianying/313520/20170622115817281-new.jpg,"刘德华,姜武,宋佳,吴卓羲,姜皓文,王紫逸,黄日华"
遇见你,https://0img.hitv.com/preview/sp_images/2022/08/30/202208301527390248580.jpg,"李汶翰,徐若晗,王博文,高秋梓,柯蓝,苇青"
猫和老鼠,https://2img.hitv.com/preview/sp_images/2021/02/18/20210218160718841.jpg,"科洛·莫瑞兹,迈克尔·佩纳,肯·郑"
狗阵,https://2img.hitv.com/preview/sp_images/2024/08/21/202408211627497799673.jpg,"彭于晏,佟丽娅,贾樟柯,张译,袁弘,赵毅,魏晨,梁静,周游,李九霄,王乃训,牛犇,张建亚"
断·桥,https://4img.hitv.com/preview/internettv/sp_images/ott/2021/12/29/dianying/412355/20211229142310113-new.jpg,"马思纯,王俊凯,范伟,曾美慧孜,李晓川,龚蓓苾,黄璐,莫西子诗,万茜,刘琳"
精灵旅社3：疯狂假期,https://4img.hitv.com/preview/internettv/sp_images/ott/2018/dianying/322400/20180212100023165-new.jpg,
女子推理社 电影版,https://3img.hitv.com/preview/sp_images/2023/12/26/202312261549329435114.jpg,"戚薇,张雨绮,李一桐,李雪琴,田曦薇,张艺凡"
少年的你,https://1img.hitv.com/preview/internettv/sp_images/ott/2019/11/24/dianying/328217/20191124150228990-new.jpg,"周冬雨,易烊千玺,尹昉,周也,吴越,黄觉,张艺凡,张耀,张歆怡"
反贪风暴4,https://2img.hitv.com/preview/internettv/sp_images/ott/2019/3/15/dianying/328792/20190315094940641-new.jpg,"古天乐,郑嘉颖,林峯,林家栋,周秀娜"
误杀,https://0img.hitv.com/preview/internettv/sp_images/ott/2019/12/25/dianying/333557/20191225102520397-new.jpg,"肖央,谭卓,陈冲,姜皓文,秦沛,边天扬,施名帅,黄健玮"
新灰姑娘,https://3img.hitv.com/preview/internettv/sp_images/ott/2018/dianying/326010/20180907095629377-new.jpg,"Kirsten Day,Stephanie Sanditz"
赤道,https://1img.hitv.com/preview/internettv/sp_images/ott/2019/4/4/dianying/109966/20190404112753276-new.jpg,"张学友,张家辉,余文乐,王学圻,池珍熙,文咏珊"
断网,https://2img.hitv.com/preview/internettv/sp_images/ott/2022/5/5/dianying/445865/20220505153101922-new.jpg,"郭富城,林家栋,赖雅妍,谭耀文,吕良伟,任达华,黄德斌,杨柳青"
南京！南京！,https://1img.hitv.com/preview/internettv/sp_images/ott/2016/dianying/306019/20161103160524725-new.jpg,"刘烨,高圆圆,中泉英雄,范伟,江一燕,秦岚,木幡龙"
宠爱,https://1img.hitv.com/preview/internettv/sp_images/ott/2020/1/27/dianying/331440/20200127122944471-new.jpg,"钟汉良,杨子姗,吴磊,张子枫,于和伟,陈伟霆,钟楚曦,檀健次,阚清子,郭麒麟,李兰迪,郎月婷"
中国机长,https://3img.hitv.com/preview/internettv/sp_images/ott/2019/12/3/dianying/330234/20191203155450382-new.jpg,"张涵予,欧豪,杜江,袁泉,张天爱,李沁,李现,焦俊艳"
追虎擒龙,https://3img.hitv.com/preview/sp_images/2021/04/06/20210406112657398.jpg,"古天乐,梁家辉,吴镇宇,林家栋,姜皓文,胡然,郑则仕,蔡洁,林子善,刘浩龙,何浩文,黄浩然,龚慈恩"
九龙城寨之围城,https://2img.hitv.com/preview/sp_images/2024/05/07/202405071041585163619.jpg,"古天乐,洪金宝,任贤齐,林峯"
飞驰人生,https://2img.hitv.com/preview/internettv/sp_images/ott/2019/3/29/dianying/325542/20190329160036044-new.jpg,"沈腾,黄景瑜,尹正,尹昉,田雨,腾格尔,赵文瑄,张本煜,刘帅良"
你的婚礼,https://4img.hitv.com/preview/sp_images/2021/05/10/202105101422467546402.jpg,"许光汉,章若楠,丁冠森,晏紫东"
射雕英雄传：侠之大者,https://1img.hitv.com/preview/sp_images/2024/11/15/202411151023324401834.jpg,"肖战,庄达菲"
十年一品温如言,https://1img.hitv.com/preview/sp_images/2021/04/02/20210402102816005.jpg,"丁禹兮,任敏"
异人之下,https://1img.hitv.com/preview/sp_images/2024/06/13/202406131100474967157.jpg,"胡先煦,李宛妲,冯绍峰,乔振宇,宋宁峰,娜然,那尔那茜,兰西雅,邬家楷,王劲松"
流浪地球2,https://1img.hitv.com/preview/sp_images/2023/04/12/202304121700593632416.jpg,"吴京,刘德华,李雪健,沙溢,宁理,王智,朱颜曼滋"
蜡笔小新：新次元！超能力大决战,https://2img.hitv.com/preview/sp_images/2024/04/02/202404021436017293700.jpg,蜡笔小新
巨齿鲨,https://0img.hitv.com/preview/internettv/sp_images/ott/2018/dianying/323407/20180930181901722-new.jpg,"杰森·斯坦森,李冰冰,杰西卡·麦克娜美"
狙击手,https://4img.hitv.com/preview/sp_images/2022/01/30/202201301023512417730.jpg,"陈永胜,章宇,张译,刘奕铁,王乃训"
我才不要和你做朋友呢,https://4img.hitv.com/preview/sp_images/2024/04/01/202404011035483353212.jpg,"庄达菲,陈昊宇,王皓,毕雯珺,贾冰"
毒液2,https://0img.hitv.com/preview/sp_images/2021/05/11/202105110944032721411.jpg,"汤姆·哈迪,米歇尔·威廉姆斯,伍迪·哈里森,斯蒂芬·格拉汉姆,娜奥米·哈里斯"
万里归途,https://4img.hitv.com/preview/sp_images/2022/12/16/202212161555594338491.jpg,"张译,王俊凯,殷桃,张子贤"
三大队,https://2img.hitv.com/preview/sp_images/2023/09/15/202309151046330381463.jpg,"张译,李晨,魏晨,曹炳琨,王骁,张子贤,杨新鸣,王雨甜,徐冬冬"
西虹市首富,https://1img.hitv.com/preview/internettv/sp_images/ott/2018/dianying/324194/20181101154810993-new.jpg,"沈腾,宋芸桦,张一鸣,常远,魏翔,九孔,徐冬冬"
满江红,https://4img.hitv.com/preview/sp_images/2023/01/05/202301051432310522922.jpg,"沈腾,易烊千玺,张译,雷佳音,岳云鹏,王佳怡,潘斌龙,余皑磊,郭京飞,欧豪,魏翔,张弛,任思诺,陈永胜"
小小的愿望,https://4img.hitv.com/preview/internettv/sp_images/ott/2019/6/26/dianying/329308/20190626094027936-new.jpg,"彭昱畅,王大陆,魏大勋,王玉雯,曾梦雪,贾冰,岳旸,李歌"
李茶的姑妈,https://2img.hitv.com/preview/internettv/sp_images/ott/2018/12/20/dianying/325278/20181220105754934-new.jpg,"黄才伦,艾伦,卢靖姗,宋阳,沈腾"
涉过愤怒的海,https://3img.hitv.com/preview/sp_images/2023/11/20/202311201444463474595.jpg,"黄渤,周迅,祖峰,张宥浩,周依然,颜北,孙安可,闫妮,王迅"
使徒行者2：谍影行动,https://2img.hitv.com/preview/internettv/sp_images/ott/2019/7/29/dianying/330105/20190729093854637-new.jpg,"张家辉,古天乐,吴镇宇,姜珮瑶,张亦驰,黄志忠"
怒火·重案,https://3img.hitv.com/preview/internettv/sp_images/ott/2020/10/30/dianying/349505/20201030123025797-new.jpg,"甄子丹,谢霆锋,秦岚,吕良伟,谭耀文,麦亨利"
特警队,https://0img.hitv.com/preview/internettv/sp_images/ott/2020/1/23/dianying/327079/20200123150953542-new.jpg,"贾乃亮,张云龙,凌潇肃,金晨"
加菲猫家族 普通话版,https://0img.hitv.com/preview/sp_images/2024/11/01/202411011319448022380.jpg,加菲猫
单身男女,https://0img.hitv.com/preview/sp_images/2021/08/20/202108201741293264695.jpg,"古天乐,吴彦祖,高圆圆,林雪,尹子维"
穿过寒冬拥抱你,https://0img.hitv.com/preview/sp_images/2021/12/09/202112091017461043197.jpg,"黄渤,贾玲,朱一龙,徐帆,高亚麟,吴彦姝,许绍雄,周冬雨,刘昊然,乔欣,王一楠"
霍元甲,https://1img.hitv.com/preview/sp_images/2021/09/27/202109271750380213510.jpg,"李连杰,孙俪,中村狮童,鲍起静,邹兆龙,原田真人,杨紫琼"
海绵宝宝：水兵陆战队,https://3img.hitv.com/preview/sp_images/2024/03/07/202403071004368302649.jpg,海绵宝宝
宇宙探索编辑部,https://4img.hitv.com/preview/sp_images/2023/03/21/202303211122092024673.jpg,"杨皓宇,艾丽娅"
传说,https://4img.hitv.com/preview/sp_images/2024/06/05/202406051134136975513.jpg,"成龙,张艺兴,古力娜扎,李治廷,李晨,彭小苒,窦骁,郑业成,金喜善"
《海关战线》幕后纪录片,https://4img.hitv.com/preview/sp_images/2024/07/12/202407121122360849239.jpg,"刘雅瑟,谢霆锋,张学友,林嘉欣,吴镇宇"
荒原,https://2img.hitv.com/preview/sp_images/2023/02/03/202302031054453919579.jpg,"任素汐,李晨,周申"
红楼梦之金玉良缘,https://1img.hitv.com/preview/sp_images/2023/08/18/202308181031533349415.jpg,"边程,张淼怡"
请别相信她,https://2img.hitv.com/preview/sp_images/2021/04/22/202104221101537662684.jpg,"章若楠,吴昱翰,常远,魏翔,李立群"
金小气家族：花城热恋 电影版,https://0img.hitv.com/preview/sp_images/2023/02/08/202302081740229176632.jpg,"刘美彤,文力,关畅,倪寒尽,文渝淇"
宝贝老板2,https://4img.hitv.com/preview/sp_images/2020/11/25/20201125101508724.jpg,"亚历克·鲍德温,吉米·坎摩尔,丽莎·库卓"
一生一世,https://1img.hitv.com/preview/internettv/sp_images/ott/2019/4/25/dianying/55225/20190425101006687-new.jpg,"谢霆锋,高圆圆,杜海涛,佟大为"
我是哪吒,https://1img.hitv.com/preview/internettv/sp_images/ott/2017/dianying/317489/20170814170655037-new.jpg,哪吒
我在时间尽头等你,https://2img.hitv.com/preview/internettv/sp_images/ott/2020/3/12/dianying/334045/20200312114617271-new.jpg,"李鸿其,李一桐,张超,范伟,罗辑,郭欣禹"
逆流大叔,https://4img.hitv.com/preview/internettv/sp_images/ott/2019/6/20/dianying/330232/20190620174320668-new.jpg,"吴镇宇,潘灿良,黄德斌,胡子彤,胡定欣"
精灵旅社,https://2img.hitv.com/preview/sp_images/2022/06/17/202206171824088213366.jpg,"亚当·桑德勒,赛琳娜·戈麦斯,史蒂夫·布西密,凯文·詹姆斯"
攀登者,https://4img.hitv.com/preview/internettv/sp_images/ott/2019/8/15/dianying/331128/20190815091837195-new.jpg,"吴京,章子怡,张译,井柏然,胡歌,王景春,何琳,成龙,陈龙,多布杰,刘小锋"
地道战,https://2img.hitv.com/preview/internettv/sp_images/ott/2020/6/8/dianying/339721/20200608110211085-new.jpg,"朱龙广,张勇手,刘江,王炳彧"
地久天长,https://0img.hitv.com/preview/internettv/sp_images/ott/2019/2/19/dianying/328425/20190219110115288-new.jpg,"王景春,咏梅,齐溪,王源,杜江"
血狼犬,https://2img.hitv.com/preview/internettv/sp_images/ott/2017/dianying/314572/20170418153006338-new.jpg,"黄宏,刘向京,王海燕,孙涛"
小猪佩奇过大年,https://0img.hitv.com/preview/internettv/sp_images/ott/2019/5/28/dianying/327759/20190528143000159-new.jpg,小猪佩奇
人间·喜剧,https://2img.hitv.com/preview/internettv/sp_images/ott/2019/4/29/dianying/326847/20190429093652485-new.jpg,"艾伦,王智,鲁诺,金士杰,任达华,潘斌龙,周显欣,九孔,董立范"
上甘岭,https://4img.hitv.com/preview/sp_images/2023/03/14/202303141129477394219.jpg,"高保成,徐林格,刘玉茹,张亮,田烈"
长安三万里,https://3img.hitv.com/preview/sp_images/2023/01/17/202301170935032863622.jpg,
守龙者,https://3img.hitv.com/preview/sp_images/2024/07/30/202407301434136618300.jpg,
热搜,https://0img.hitv.com/preview/sp_images/2023/12/29/202312291500503753763.jpg,"周冬雨,宋洋,袁弘,王皓"
喜羊羊与灰太狼之喜气羊羊过蛇年,https://3img.hitv.com/preview/sp_images/2023/04/16/202304161821566802336.jpg,"喜羊羊,美羊羊,懒羊羊,灰太狼"
倍儿喜欢你,https://1img.hitv.com/preview/sp_images/2023/02/07/202302071025285982360.jpg,"贾冰,柳岩,杨新鸣,于洋,施予斐"
如影随心,https://4img.hitv.com/preview/internettv/sp_images/ott/2019/5/24/dianying/324910/20190524172409419-new.jpg,"陈晓,杜鹃,王乾越,马苏,华少,谢依霖,关晓彤,高晓攀,赵震"
受益人,https://4img.hitv.com/preview/internettv/sp_images/ott/2019/11/13/dianying/331920/20191113100551987-new.jpg,"大鹏,柳岩,张子贤"
我不是药神,https://2img.hitv.com/preview/internettv/sp_images/ott/2018/dianying/323492/20180412174108018-new.jpg,"徐峥,周一围,王传君,谭卓,章宇,杨新鸣,贾晨飞,王佳佳"
第一炉香,https://3img.hitv.com/preview/sp_images/2020/09/07/20200907095302890.jpg,"马思纯,俞飞鸿,彭于晏,张钧甯,范伟,梁洛施,张佳宁,尹昉,秦沛,白冰,吴彦姝"
你好，李焕英,https://1img.hitv.com/preview/internettv/sp_images/ott/2020/10/30/dianying/349489/20201030094559171-new.jpg,"贾玲,沈腾,陈赫,张小斐,魏翔"
海底小纵队：火焰之环,https://3img.hitv.com/preview/sp_images/2020/06/01/20200601105141389.jpg,"皮索,谢灵通"
靠近我一点,https://4img.hitv.com/preview/sp_images/2023/10/17/202310171132066578495.jpg,"张震,春夏,李现,袁姗姗,薛皓文"
龙马精神,https://3img.hitv.com/preview/sp_images/2023/06/01/202306011123473619614.jpg,"成龙,刘浩存,郭麒麟,吴京,余皑磊,容祖儿,于荣光,安志杰,小沈阳"
我们的样子像极了爱情,https://2img.hitv.com/preview/sp_images/2022/06/10/202206101048538456127.jpg,"李孝谦,漆昱辰,林俊毅"
93国际列车大劫案：莫斯科行动,https://3img.hitv.com/preview/sp_images/2023/11/23/202311231626227064973.jpg,"张涵予,刘德华,黄轩,文咏珊,谷嘉诚,白那日苏,张本煜,尚语贤,徐小飒"
照明商店,https://2img.hitv.com/preview/sp_images/2023/10/20/202310201136005792289.jpg,"章若楠,白宇帆,刘奕君,黄澄澄,柳岩,张琪,陈思诺,郑恺,孙千,曹炳琨,海陆,许童心"
天·火,https://3img.hitv.com/preview/internettv/sp_images/ott/2019/11/7/dianying/329222/20191107095005688-new.jpg,"王学圻,昆凌,窦骁,柏安,纪凌尘"
狄仁杰之四大天王,https://2img.hitv.com/preview/sp_images/2022/02/14/202202141715226343961.jpg,"赵又廷,冯绍峰,林更新,刘嘉玲,马思纯"
解忧杂货店,https://3img.hitv.com/preview/internettv/sp_images/ott/2018/dianying/319265/20180125154049351-new.jpg,"王俊凯,迪丽热巴,董子健,李鸿其,陈都灵,秦昊,郝蕾,成龙,董李无忧,李梦,成泰燊,潘斌龙,孟慧圆"
雄狮少年,https://0img.hitv.com/preview/sp_images/2021/07/01/202107011132128228630.jpg,
悬崖之上,https://3img.hitv.com/preview/sp_images/2021/05/10/202105101552492924153.jpg,"张译,于和伟,秦海璐,朱亚文,刘浩存"
独行月球,https://0img.hitv.com/preview/sp_images/2022/01/28/202201281528074643023.jpg,"沈腾,马丽,常远,李诚儒,黄才伦,李嘉琦,郝瀚,黄子韬"
小马宝莉：新世代,https://4img.hitv.com/preview/sp_images/2022/07/21/202207211426333961653.jpg,小马宝莉
线人,https://i5.hunantv.com/p1/20140815/165937706C.jpg,"谢霆锋,张家辉,桂纶镁,陆毅,苗圃,廖启智"
红毯先生,https://4img.hitv.com/preview/sp_images/2023/10/13/202310131146031413808.jpg,"刘德华,单立文,瑞玛·席丹,宁浩"
功夫之王,https://2img.hitv.com/preview/sp_images/2024/07/23/202407231835486686520.jpg,"迈克尔·安格拉诺,成龙,李连杰,邹兆龙,刘亦菲,李冰冰"
赤狐书生,https://3img.hitv.com/preview/sp_images/2021/05/10/202105101509321508794.jpg,"陈立农,李现,哈妮克孜,姜超,张晨光,李晓川"
明日战记,https://1img.hitv.com/preview/sp_images/2022/11/30/202211302013532919284.jpg,"古天乐,刘青云,刘嘉玲,姜皓文,谢君豪,吴倩,万国鹏,张家辉"
刺杀小说家,https://2img.hitv.com/preview/sp_images/2021/04/13/20210413170843568.jpg,"雷佳音,董子健,杨幂,于和伟,郭京飞,佟丽娅"
大约在冬季,https://0img.hitv.com/preview/internettv/sp_images/ott/2019/11/14/dianying/331551/20191114113359332-new.jpg,"霍建华,马思纯,魏大勋,张瑶,林柏宏,文淇,侯佩岑,齐秦"
铁道游击队,https://2img.hitv.com/preview/sp_images/2023/03/14/202303141132351849473.jpg,"秦怡,曹会渠,冯喆,冯奇,仲星火,陈述"
无人区,https://4img.hitv.com/preview/sp_images/2024/05/21/202405211141475559583.jpg,"徐峥,黄渤,余男,多布杰,王双宝,杨新鸣,陶虹"
洪湖赤卫队,https://2img.hitv.com/preview/internettv/sp_images/ott/2020/6/8/dianying/106148/20200608111031400-new.jpg,"王玉珍,夏奎斌,谢添"
只此青绿,https://4img.hitv.com/preview/sp_images/2024/08/02/202408021138209802420.jpg,"张翰,孟庆旸"
王的盛宴,https://3img.hitv.com/preview/sp_images/2021/07/06/202107061736237223920.jpg,"刘烨,吴彦祖,张震,秦岚,沙溢,聂远,霍思燕,何杜娟,陶泽如,李琦"
既然青春留不住,https://3img.hitv.com/preview/internettv/sp_images/ott/2016/dianying/119034/20160318095826229-new.jpg,"张翰,陈乔恩,王啸坤,施予斐,贾盛强"
我的早更女友,https://1img.hitv.com/preview/internettv/sp_images/ott/2016/dianying/105376/20161212184758426-new.jpg,"周迅,佟大为,钟汉良,张梓琳,郭书瑶,陈辉虹,李静,白客,莫熙儿"
金钱堡垒,https://4img.hitv.com/preview/sp_images/2024/11/15/202411151443123492217.jpg,"王千源,冯绍峰,王丽坤,张俪,邵兵,鞠婧祎,陈国坤"
扬名立万,https://4img.hitv.com/preview/sp_images/2021/04/30/202104301134591643756.jpg,"尹正,邓家佳,喻恩泰,杨皓宇,陈明昊,秦霄贤,张本煜,柯达,邓恩熙"
跨过鸭绿江,https://1img.hitv.com/preview/sp_images/2021/12/10/202112101148344406562.jpg,"丁勇岱,唐国强,孙维民,王志飞,刘之冰"
暮光之城,https://3img.hitv.com/preview/internettv/sp_images/ott/2016/dianying/8741/20160623212904539-new.jpg,"克里斯汀·斯图尔特,罗伯特·帕丁森,比利·伯克,阿什丽·格林尼,妮基·瑞德"
我想和你好好的,https://2img.hitv.com/preview/internettv/sp_images/ott/2016/dianying/46227/20160909135011011-new.jpg,"冯绍峰,倪妮,周德华,钮宝平"
百鸟朝凤,https://3img.hitv.com/preview/internettv/sp_images/ott/2016/dianying/293447/20160518175044078-new.jpg,"陶泽如,李岷城,郑伟"
卸甲归来,https://0img.hitv.com/preview/sp_images/2021/01/20/20210120093526044.jpg,"吕良伟,徐冬冬,元彪,周海媚"
轰炸天团 电影版,https://4img.hitv.com/preview/sp_images/2023/09/26/202309261648400103734.jpg,"吴旭东,蔡宇航,王千一"
女蛹之人皮嫁衣,https://1img.hitv.com/preview/sp_images/2021/09/28/202109280928413463667.jpg,"张榕容,任泉,李威,高蓓蓓"
驯龙高手2,https://i3.hitv.com/p1/20140811/1721123388C.jpg,"杰伊·巴鲁切尔,杰拉德·巴特勒,亚美莉卡·费雷拉"
南极之恋,https://3img.hitv.com/preview/internettv/sp_images/ott/2018/dianying/317082/20180122093947903-new.jpg,"赵又廷,杨子姗"
断片之险途夺宝,https://2img.hitv.com/preview/internettv/sp_images/ott/2018/12/11/dianying/308558/20181211152303532-new.jpg,"葛优,岳云鹏,杜淳,包贝尔,小沈阳,蔡卓妍,陈赫,潘斌龙,张亮,热依扎"
宫锁沉香,https://1img.hitv.com/preview/sp_images/2021/09/18/202109181427150356410.jpg,"周冬雨,陈晓,朱梓骁,赵丽颖,包贝尔,蒋依依"
唐山大地震,https://i1.hitv.com/p1/20140806/1730475424C.jpg,"徐帆,李晨,张静初,陈道明,王子文"
大闹天宫,https://0img.hitv.com/preview/sp_images/2023/03/14/202303140939379088097.jpg,
何以笙箫默,https://3img.hitv.com/preview/internettv/sp_images/ott/2016/dianying/108650/20160619175908495-new.jpg,"黄晓明,杨幂,佟大为,杨颖,谢依霖,黄子韬,陈冲,何穗,马苏"
深海危机,https://3img.hitv.com/preview/sp_images/2023/03/31/202303311106091826172.jpg,"严屹宽,屈菁菁,吴昊宸,艾晓琪,李幼斌"
雄狮少年2,https://1img.hitv.com/preview/sp_images/2023/06/26/202306261038127043779.jpg,
好运来,https://3img.hitv.com/preview/sp_images/2024/11/21/202411211056566093622.jpg,"乔杉,白客,王大陆,黄才伦,李嘉琦"
熊出没之雪岭熊风,https://i2.hitv.com/p1/20151114/1633487180C.jpg,"熊大,熊二,光头强"
黄金兄弟,https://1img.hitv.com/preview/internettv/sp_images/ott/2019/1/4/dianying/325591/20190104120035741-new.jpg,"郑伊健,陈小春,钱嘉乐,林晓峰,谢天华,曾志伟"
陛下在左，老板在右 电影版,https://2img.hitv.com/preview/sp_images/2023/02/08/202302081745191542041.jpg,"杨泽,陈芳彤,叶筱玮"
狗果定理,https://3img.hitv.com/preview/sp_images/2021/04/19/202104190925477055760.jpg,"于谦,贾冰,印小天,蒋梦婕,梁丹妮,张绍荣,王晴,栾云平,果汁"
茉莉之恋,https://1img.hitv.com/preview/internettv/sp_images/ott/2017/dianying/315228/20170511162329713-new.jpg,"杨洋,赵丽颖"
深海,https://4img.hitv.com/preview/sp_images/2023/02/17/202302171431339254446.jpg,
画江湖之不良人 电影版,https://3img.hitv.com/preview/sp_images/2024/02/04/202402041758312959479.jpg,"李砚,曹赛亚,何依蔓,陈添祥,周微微"
抵达之谜,https://4img.hitv.com/preview/internettv/sp_images/ott/2020/3/10/dianying/335330/20200310173003677-new.jpg,"李现,董博睿,顾璇,林晓凡,李宗雷,张绮烟"
暗里着迷 电影版,https://0img.hitv.com/preview/sp_images/2024/03/21/202403211503183546716.jpg,"祝子杰,洪潇,朱嘉倩,李圣佳"
荞麦疯长,https://0img.hitv.com/preview/internettv/sp_images/ott/2020/8/7/dianying/329173/20200807173718660-new.jpg,"马思纯,钟楚曦,黄景瑜,王砚辉,王阳明,辛鹏"
一周的朋友,https://3img.hitv.com/preview/sp_images/2022/08/02/202208021423044658668.jpg,"赵今麦,林一,沈月,汪佳辉,范诗然"
鬼吹灯之精绝古城,https://2img.hitv.com/preview/sp_images/2022/08/31/202208310948269239201.jpg,"于毅,付美,孔连顺"
紧急救援,https://0img.hitv.com/preview/internettv/sp_images/ott/2020/5/29/dianying/327112/20200529144104325-new.jpg,"彭于晏,王彦霖,辛芷蕾,蓝盈莹,王雨甜,徐洋,陈家乐,李岷城"
白蛇：缘起,https://0img.hitv.com/preview/internettv/sp_images/ott/2019/3/11/dianying/326365/20190311163118569-new.jpg,"张喆,杨天翔,唐小喜"
周处除三害,https://0img.hitv.com/preview/sp_images/2024/05/17/202405171611009816651.jpg,"阮经天,袁富华,陈以文,王净"
破·局,https://3img.hitv.com/preview/internettv/sp_images/ott/2017/dianying/316059/20170930161746415-new.jpg,"郭富城,王千源,刘涛"
明天会好的,https://2img.hitv.com/preview/sp_images/2021/02/26/20210226163425118.jpg,"Papi,张超,白客"
熊出没·变形记,https://4img.hitv.com/preview/internettv/sp_images/ott/2017/dianying/320149/20171206094349923-new.jpg,"张伟,张秉君,谭笑"
沙漏,https://4img.hitv.com/preview/sp_images/2023/12/29/202312291156517531057.jpg,"邱天,包上恩,黄明昊,陈昕葳,邬家楷"
倒数说爱你,https://3img.hitv.com/preview/sp_images/2022/11/14/202211141104045914444.jpg,"陈飞宇,周也,赵小棠,孙天宇"
美人鱼,https://4img.hitv.com/preview/internettv/sp_images/ott/2016/dianying/130862/20161004151036744-new.jpg,"邓超,林允,张雨绮,李尚正,白客,孔连顺,徐克,田启文,杨能,张美娥,李叶青,林子聪"
鸳鸯楼·惊魂,https://4img.hitv.com/preview/sp_images/2024/10/22/202410221129255421829.jpg,"李梦,苏小玎"
第十一回,https://1img.hitv.com/preview/internettv/sp_images/ott/2019/4/17/dianying/329246/20190417094816445-new.jpg,"周迅,陈建斌,窦靖童,春夏,大鹏,宋佳"
武侠,https://0img.hitv.com/preview/internettv/sp_images/ott/2019/2/12/dianying/8250/20190212105428674-new.jpg,"甄子丹,金城武,汤唯,王羽,惠英红,李小冉,姜武"
决胜时刻,https://4img.hitv.com/preview/internettv/sp_images/ott/2019/11/1/dianying/328923/20191101162106243-new.jpg,"唐国强,刘劲,黄景瑜,王丽坤,秦岚,林永健,马天宇,张涵予,濮存昕,刘之冰,高曙光"
快把我哥带走,https://3img.hitv.com/preview/internettv/sp_images/ott/2018/11/27/dianying/324796/20181127093610599-new.jpg,"彭昱畅,张子枫,赵今麦,孙泽源"
平凡英雄,https://3img.hitv.com/preview/sp_images/2021/09/18/202109181013563031777.jpg,"李冰冰,冯绍峰,黄晓明,林永健,张一山,帕尔曼·帕热哈提,艾尔番·艾则孜"
我的百变皇后,https://1img.hitv.com/preview/internettv/sp_images/ott/2022/7/26/dianying/463237/20220726183149341-new.jpg,"丞磊,柯颖,石光"
临时劫案,https://2img.hitv.com/preview/sp_images/2023/10/25/202310251100498722588.jpg,"郭富城,林家栋,任贤齐,张可颐,胡定欣,林雪,梁仲恒,孙佳君,张松枝"
小小的我,https://1img.hitv.com/preview/sp_images/2024/12/09/202412091110523347011.jpg,"易烊千玺,林晓杰,蒋勤勤,周雨彤"
打击侵略者,https://1img.hitv.com/preview/internettv/sp_images/ott/2020/6/2/dianying/339466/20200602142226623-new.jpg,"张勇手,张良,李炎,黄邦瑞"
新龙门客栈,https://3img.hitv.com/preview/sp_images/2023/07/17/202307171523004926081.jpg,"梁家辉,张曼玉,林青霞,甄子丹"
寒战2,https://3img.hitv.com/preview/internettv/sp_images/ott/2016/dianying/293002/20160914094540129-new.jpg,"郭富城,梁家辉,杨采妮,彭于晏,周润发,文咏珊"
最好的我们,https://4img.hitv.com/preview/internettv/sp_images/ott/2019/5/9/dianying/328563/20190509111344891-new.jpg,"陈飞宇,何蓝逗,周楚濋,董力"
忠犬八公,https://3img.hitv.com/preview/sp_images/2023/04/27/202304271501480912702.jpg,"冯小刚,陈冲,白举纲"
银河写手,https://3img.hitv.com/preview/sp_images/2024/01/30/202401301101522587738.jpg,"宋木子,合文俊,李文茹"
我的战争,https://0img.hitv.com/preview/internettv/sp_images/ott/2016/dianying/292896/20160928114040939-new.jpg,"刘烨,王珞丹,杨祐宁,叶青,王龙华,黄志忠,果靖霖"
你的世界如果没有我,https://4img.hitv.com/preview/sp_images/2022/01/07/202201072354418906693.jpg,"张宥浩,薛昊婧,黄一飞"
张杰曜北斗巡回演唱会,https://1img.hitv.com/preview/sp_images/2024/12/05/202412051446245789284.jpg,张杰
小猫巴克里,https://3img.hitv.com/preview/internettv/sp_images/ott/2018/dianying/320150/20181011170356350-new.jpg,
杀破狼2,https://3img.hitv.com/preview/sp_images/2023/08/21/202308211807256252971.jpg,"吴京,托尼·贾,张晋,任达华,卢惠光,古天乐"
情书,https://1img.hitv.com/preview/internettv/sp_images/ott/2016/dianying/105412/20160624163900059-new.jpg,"酒井美纪,柏原崇,丰川悦司"
西游记之七十二变,https://2img.hitv.com/preview/sp_images/2022/12/30/202212301550383833097.jpg,孙悟空
数码宝贝02：最初的召唤,https://3img.hitv.com/preview/sp_images/2024/03/07/202403071139546517085.jpg,
魔法坏女巫,https://3img.hitv.com/preview/sp_images/2024/09/09/202409091026583914665.jpg,"辛西娅·埃里沃,爱莉安娜·格兰德,杨紫琼,杰夫·高布伦"
妈妈！,https://4img.hitv.com/preview/sp_images/2022/10/08/202210081819223671954.jpg,"吴彦姝,奚美娟,文淇,朱时茂,李晓川"
不能流泪的悲伤,https://1img.hitv.com/preview/sp_images/2023/01/16/202301161155018147793.jpg,"蔡凡熙,何蓝逗,王耀庆"
刘胡兰,https://2img.hitv.com/preview/internettv/sp_images/ott/2016/dianying/107381/20160630203932893-new.jpg,"胡宗温,陆小雅,潘德民"
不要忘记我爱你,https://4img.hitv.com/preview/sp_images/2022/03/24/202203241138227761387.jpg,"古力娜扎,刘以豪,张歆艺,马志威"
重生,https://3img.hitv.com/preview/sp_images/2024/08/05/202408051510236135719.jpg,"张家辉,阮经天,张榕容,马浴柯,陈国坤,张俪"
我和我的父辈,https://3img.hitv.com/preview/sp_images/2022/01/12/202201121756551729751.jpg,"吴京,章子怡,徐峥,沈腾,吴磊,黄轩,韩昊霖,洪烈,张天爱,袁近辉,宋佳,马丽,李光洁,陈道明,张艺谋,李雪健,余皑磊,海清,欧豪,艾伦,魏晨,白那日苏,江水,逯长恩,张恒瑞,阿楠,任思诺,彭昱畅,李乃文,耿乐,杜江,陶虹,贾冰,张雨绮,焦圣祥,倪虹洁,樊雨洁,张建亚,张芝华,张国强,宁理,胡可,沙溢,马书良,曹可凡,万茜,祖峰,周庆昀,李嘉琦,常远,张小斐,吴昱翰"
坏蛋联盟2,https://3img.hitv.com/preview/sp_images/2024/11/22/202411220924054629605.jpg,
我迟到了那么多年 电影版,https://2img.hitv.com/preview/sp_images/2023/08/02/202308021549429914526.jpg,"肖雨,曹恩齐,肖然心,王钧浩"
中国医生,https://4img.hitv.com/preview/sp_images/2021/03/22/20210322101019018.jpg,"张涵予,袁泉,朱亚文,李晨,易烊千玺"
二郎神之深海蛟龙,https://1img.hitv.com/preview/sp_images/2020/09/28/20200928103310705.jpg,
大“反”派,https://0img.hitv.com/preview/sp_images/2024/03/11/202403111424261993955.jpg,"包贝尔,李嘉琦,周大勇,马旭东"
28岁未成年,https://3img.hitv.com/preview/internettv/sp_images/ott/2019/1/28/dianying/296762/20190128093907141-new.jpg,"倪妮,霍建华,马苏,王大陆,潘斌龙,隋凯,余心恬,汪汐潮,来喜,曲哲明"
许愿神龙,https://2img.hitv.com/preview/internettv/sp_images/ott/2020/5/29/dianying/339347/20200529104700351-new.jpg,
男主大甩卖,https://2img.hitv.com/preview/sp_images/2021/01/25/20210125182055807.jpg,"张欣源,王皓轩,梁超"
西游降魔篇,https://0img.hitv.com/preview/internettv/sp_images/ott/2017/dianying/10966/20170204165058625-new.jpg,"文章,舒淇,黄渤,罗志祥,周秀娜"
拉贝日记,https://2img.hitv.com/preview/internettv/sp_images/ott/2020/5/22/dianying/52625/20200522174052332-new.jpg,"乌尔里奇·图克尔,丹尼尔·布鲁赫,史蒂夫·布西密,张静初"
夫人，大可不必 电影版,https://4img.hitv.com/preview/sp_images/2023/06/08/202306081813320726760.jpg,"彭雅琦,高梓添,赵一鸣,韩晴,方潇亦"
变形金刚,https://3img.hitv.com/preview/sp_images/2023/05/23/202305231818168107070.jpg,"希亚·拉博夫,梅根·福克斯,乔什·杜哈明"
冰雪女王5：融冰之战 普通话版,https://0img.hitv.com/preview/sp_images/2024/09/26/202409261753317678325.jpg,
二郎神之绝世战神,https://3img.hitv.com/preview/sp_images/2021/12/14/202112141531351154319.jpg,"庄濠全,石云鹏,冯青"
神偷奶爸3 普通话版,https://4img.hitv.com/preview/internettv/sp_images/ott/2017/dianying/318688/20170929155322742-new.jpg,小黄人
三叉戟,https://3img.hitv.com/preview/sp_images/2020/12/11/20201211165720225.jpg,"黄志忠,姜武,郭涛,欧豪,韩庚,董勇,金士杰,魏晨,邢佳栋,黄璐,陈都灵,赵子琪"
碟仙之毕业照,https://4img.hitv.com/preview/internettv/sp_images/ott/2017/dianying/315585/20170522160639791-new.jpg,"柴子娣,刘俐儿,宋伟"
游戏规则,https://0img.hitv.com/preview/internettv/sp_images/ott/2017/dianying/294441/20170413101125054-new.jpg,"何润东,黄子韬,古力娜扎,王学圻,秋瓷炫"
开国将帅授衔1955,https://1img.hitv.com/preview/sp_images/2024/07/11/202407111900407829578.jpg,"唐国强,王伍福,刘劲,秦海璐,李晨"
除暴,https://2img.hitv.com/preview/sp_images/2020/09/24/20200924112029750.jpg,"王千源,吴彦祖,春夏,卫诗雅,大力,洪浚嘉,于笑,纪焕博,李晓川,胡子程,答有为"
精武英雄,https://1img.hitv.com/preview/sp_images/2023/12/04/202312041302120132439.jpg,"李连杰,中山忍,钱小豪,蔡少芬,周比利"
被我弄丢的你,https://1img.hitv.com/preview/sp_images/2024/02/21/202402211048075123085.jpg,"檀健次,张婧仪,蒋龙,刘恋"
满城尽带黄金甲,https://i1.hunantv.com/p1/20140730/1011128692C.jpg,"周润发,巩俐,刘烨,周杰伦,陈瑾,倪大红,李曼,秦俊杰"
功夫熊猫3,https://4img.hitv.com/preview/internettv/sp_images/ott/2018/dianying/117383/20180812231423129-new.jpg,阿宝
鸡毛信,https://4img.hitv.com/preview/sp_images/2023/03/14/202303141036265081520.jpg,"舒适,蔡元元"
绝地追击,https://3img.hitv.com/preview/sp_images/2022/12/09/202212091116042061687.jpg,"欧豪,谷嘉诚,俞灏明"
大话天仙,https://0img.hitv.com/preview/sp_images/2021/08/19/202108191655266021267.jpg,"孙俪,郑中基,郑伊健,方力申,郭德纲,于谦,林更新,黄奕,谭耀文,林雪,蔡少芬,李健仁,胡歌"
白日焰火,https://3img.hitv.com/preview/internettv/sp_images/ott/2019/7/31/dianying/51497/20190731194654730-new.jpg,"廖凡,桂纶镁"
假如，我是这世上最爱你的人,https://3img.hitv.com/preview/sp_images/2024/07/26/202407261134182108494.jpg,"佟丽娅,黄明昊"
养蜂人,https://3img.hitv.com/preview/sp_images/2023/12/21/202312211630506423185.jpg,"杰森·斯坦森,乔什·哈切森,杰瑞米·艾恩斯"
我爱灰太狼,https://3img.hitv.com/preview/internettv/sp_images/ott/2019/1/3/dianying/10016/20190103152657979-new.jpg,"祖晴,高全胜,邓玉婷"
姥姥的外孙,https://2img.hitv.com/preview/sp_images/2024/07/30/202407301034415329400.jpg,"普提蓬·阿萨拉塔纳功,乌莎·西姆库姆"
汪汪队立大功之超能救援,https://1img.hitv.com/preview/sp_images/2020/10/22/20201022103120954.jpg,"灰灰,毛毛,天天,阿奇,莱德"
可可西里,https://3img.hitv.com/preview/sp_images/2021/07/01/202107011506286792492.jpg,"赵雪莹,多布杰,张磊,赵一穗"
一分钟看热搜电影 2023,https://0img.hitv.com/preview/sp_images/2021/04/30/202104301103036112786.jpg,
福星高照,https://3img.hitv.com/preview/internettv/sp_images/ott/2017/dianying/321074/20171224173129429-new.jpg,"洪金宝,成龙,元彪,曾志伟,吴耀汉,冯淬帆,秦祥林,胡慧中,林正英"
奇妙王国之魔法奇缘,https://0img.hitv.com/preview/sp_images/2021/02/07/20210207180344215.jpg,安瑟
超凡蜘蛛侠,https://3img.hitv.com/preview/sp_images/2023/05/09/202305091645043271068.jpg,"安德鲁·加菲尔德,艾玛·斯通,瑞斯·伊凡斯"
月半爱丽丝,https://4img.hitv.com/preview/internettv/sp_images/ott/2020/1/9/dianying/336039/20200109104811717-new.jpg,"关晓彤,黄景瑜,官鸿,卢杉,昌隆,杨冬麒,范明,赵英俊"
黄飞鸿,https://1img.hitv.com/preview/sp_images/2024/08/16/202408161807545806406.jpg,"李连杰,元彪,关之琳,张学友,郑则仕"
神偷奶爸2,https://2img.hitv.com/preview/internettv/sp_images/ott/2016/dianying/119413/20161111154130300-new.jpg,小黄人
贝肯熊：火星任务,https://2img.hitv.com/preview/sp_images/2023/07/06/202307061438142169101.jpg,贝肯
赛尔号大电影4：圣魔之战,https://1img.hitv.com/preview/sp_images/2022/01/13/202201131930525992335.jpg,
学爸,https://3img.hitv.com/preview/sp_images/2022/01/28/202201281154112463572.jpg,"黄渤,闫妮,万茜,张钧甯,张子贤,王迅,王子铭"
保你平安,https://0img.hitv.com/preview/sp_images/2023/05/13/202305131714585005688.jpg,"大鹏,李雪琴,尹正,王迅,宋茜,王圣迪"
上海王2,https://1img.hitv.com/preview/internettv/sp_images/ott/2020/8/7/dianying/342936/20200807171422455-new.jpg,"胡军,余男,凤小岳,郭采洁,秦昊,曹可凡,多布杰,段博文"
赛尔号大电影5：雷神崛起,https://0img.hitv.com/preview/sp_images/2024/05/30/202405301950005381974.jpg,"翟巍,吴磊,蒋可,李晔,刘北辰"
密战,https://0img.hitv.com/preview/internettv/sp_images/ott/2018/12/27/dianying/318236/20181227114248533-new.jpg,"郭富城,赵丽颖,张翰,张蓝心,任达华"
露水红颜,https://1img.hitv.com/preview/sp_images/2023/11/30/202311301023262426769.jpg,"刘亦菲,陈冲,唐嫣,林依轮"
